Domain Code,Domain,Area Code (M49),Area,Element Code,Element,Item Code (FBS),Item,Year Code,Year,Unit,Value,Flag,Flag Description
"FBSH","Food Balances (-2013, old methodology and population)","008","Albania","5511","Production","S2511","Wheat and products","1961","1961","1000 t","98","I","Value imputed by a receiving agency"
"FBSH","Food Balances (-2013, old methodology and population)","008","Albania","5511","Production","S2511","Wheat and products","1980","1980","1000 t","496","I","Value imputed by a receiving agency"
"FBSH","Food Balances (-2013, old methodology and population)","008","Albania","5511","Production","S2511","Wheat and products","2000","2000","1000 t","341","I","Value imputed by a receiving agency"
"FBSH","Food Balances (-2013, old methodology and population)","008","Albania","5511","Production","S2511","Wheat and products","2013","2013","1000 t","294","I","Value imputed by a receiving agency"
"FBSH","Food Balances (-2013, old methodology and population)","008","Albania","5611","Import Quantity","S2511","Wheat and products","1961","1961","1000 t","182","I","Value imputed by a receiving agency"
"FBSH","Food Balances (-2013, old methodology and population)","008","Albania","5611","Import Quantity","S2511","Wheat and products","1980","1980","1000 t","25","I","Value imputed by a receiving agency"
"FBSH","Food Balances (-2013, old methodology and population)","008","Albania","5611","Import Quantity","S2511","Wheat and products","2000","2000","1000 t","374","I","Value imputed by a receiving agency"
"FBSH","Food Balances (-2013, old methodology and population)","008","Albania","5611","Import Quantity","S2511","Wheat and products","2013","2013","1000 t","360","I","Value imputed by a receiving agency"
"FBSH","Food Balances (-2013, old methodology and population)","008","Albania","5074","Stock Variation","S2511","Wheat and products","1961","1961","1000 t","-52","I","Value imputed by a receiving agency"
"FBSH","Food Balances (-2013, old methodology and population)","008","Albania","5074","Stock Variation","S2511","Wheat and products","1980","1980","1000 t","0","I","Value imputed by a receiving agency"
"FBSH","Food Balances (-2013, old methodology and population)","008","Albania","5074","Stock Variation","S2511","Wheat and products","2000","2000","1000 t","-10","I","Value imputed by a receiving agency"
"FBSH","Food Balances (-2013, old methodology and population)","008","Albania","5074","Stock Variation","S2511","Wheat and products","2013","2013","1000 t","0","I","Value imputed by a receiving agency"
"FBSH","Food Balances (-2013, old methodology and population)","008","Albania","5911","Export quantity","S2511","Wheat and products","1961","1961","1000 t","0","I","Value imputed by a receiving agency"
"FBSH","Food Balances (-2013, old methodology and population)","008","Albania","5911","Export quantity","S2511","Wheat and products","1980","1980","1000 t","0","I","Value imputed by a receiving agency"
"FBSH","Food Balances (-2013, old methodology and population)","008","Albania","5911","Export quantity","S2511","Wheat and products","2000","2000","1000 t","0","I","Value imputed by a receiving agency"
"FBSH","Food Balances (-2013, old methodology and population)","008","Albania","5911","Export quantity","S2511","Wheat and products","2013","2013","1000 t","4","I","Value imputed by a receiving agency"
"FBSH","Food Balances (-2013, old methodology and population)","008","Albania","5301","Domestic supply quantity","S2511","Wheat and products","1961","1961","1000 t","228","I","Value imputed by a receiving agency"
"FBSH","Food Balances (-2013, old methodology and population)","008","Albania","5301","Domestic supply quantity","S2511","Wheat and products","1980","1980","1000 t","521","I","Value imputed by a receiving agency"
"FBSH","Food Balances (-2013, old methodology and population)","008","Albania","5301","Domestic supply quantity","S2511","Wheat and products","2000","2000","1000 t","705","I","Value imputed by a receiving agency"
"FBSH","Food Balances (-2013, old methodology and population)","008","Albania","5301","Domestic supply quantity","S2511","Wheat and products","2013","2013","1000 t","650","I","Value imputed by a receiving agency"
"FBSH","Food Balances (-2013, old methodology and population)","008","Albania","5521","Feed","S2511","Wheat and products","1961","1961","1000 t","10","I","Value imputed by a receiving agency"
"FBSH","Food Balances (-2013, old methodology and population)","008","Albania","5521","Feed","S2511","Wheat and products","1980","1980","1000 t","32","I","Value imputed by a receiving agency"
"FBSH","Food Balances (-2013, old methodology and population)","008","Albania","5521","Feed","S2511","Wheat and products","2000","2000","1000 t","35","I","Value imputed by a receiving agency"
"FBSH","Food Balances (-2013, old methodology and population)","008","Albania","5521","Feed","S2511","Wheat and products","2013","2013","1000 t","18","I","Value imputed by a receiving agency"
"FBSH","Food Balances (-2013, old methodology and population)","008","Albania","5527","Seed","S2511","Wheat and products","1961","1961","1000 t","42","I","Value imputed by a receiving agency"
"FBSH","Food Balances (-2013, old methodology and population)","008","Albania","5527","Seed","S2511","Wheat and products","1980","1980","1000 t","58","I","Value imputed by a receiving agency"
"FBSH","Food Balances (-2013, old methodology and population)","008","Albania","5527","Seed","S2511","Wheat and products","2000","2000","1000 t","27","I","Value imputed by a receiving agency"
"FBSH","Food Balances (-2013, old methodology and population)","008","Albania","5527","Seed","S2511","Wheat and products","2013","2013","1000 t","18","I","Value imputed by a receiving agency"
"FBSH","Food Balances (-2013, old methodology and population)","008","Albania","5123","Losses","S2511","Wheat and products","1961","1961","1000 t","10","I","Value imputed by a receiving agency"
"FBSH","Food Balances (-2013, old methodology and population)","008","Albania","5123","Losses","S2511","Wheat and products","1980","1980","1000 t","49","I","Value imputed by a receiving agency"
"FBSH","Food Balances (-2013, old methodology and population)","008","Albania","5123","Losses","S2511","Wheat and products","2000","2000","1000 t","50","I","Value imputed by a receiving agency"
"FBSH","Food Balances (-2013, old methodology and population)","008","Albania","5123","Losses","S2511","Wheat and products","2013","2013","1000 t","44","I","Value imputed by a receiving agency"
"FBSH","Food Balances (-2013, old methodology and population)","008","Albania","5154","Other uses (non-food)","S2511","Wheat and products","1961","1961","1000 t","0","I","Value imputed by a receiving agency"
"FBSH","Food Balances (-2013, old methodology and population)","008","Albania","5154","Other uses (non-food)","S2511","Wheat and products","1980","1980","1000 t","0","I","Value imputed by a receiving agency"
"FBSH","Food Balances (-2013, old methodology and population)","008","Albania","5154","Other uses (non-food)","S2511","Wheat and products","2000","2000","1000 t","59","I","Value imputed by a receiving agency"
"FBSH","Food Balances (-2013, old methodology and population)","008","Albania","5154","Other uses (non-food)","S2511","Wheat and products","2013","2013","1000 t","130","I","Value imputed by a receiving agency"
"FBSH","Food Balances (-2013, old methodology and population)","008","Albania","5142","Food","S2511","Wheat and products","1961","1961","1000 t","166","I","Value imputed by a receiving agency"
"FBSH","Food Balances (-2013, old methodology and population)","008","Albania","5142","Food","S2511","Wheat and products","1980","1980","1000 t","382","I","Value imputed by a receiving agency"
"FBSH","Food Balances (-2013, old methodology and population)","008","Albania","5142","Food","S2511","Wheat and products","2000","2000","1000 t","534","I","Value imputed by a receiving agency"
"FBSH","Food Balances (-2013, old methodology and population)","008","Albania","5142","Food","S2511","Wheat and products","2013","2013","1000 t","440","I","Value imputed by a receiving agency"
"FBSH","Food Balances (-2013, old methodology and population)","008","Albania","645","Food supply quantity (kg/capita/yr)","S2511","Wheat and products","1961","1961","kg/cap","99.73","E","Estimated value"
"FBSH","Food Balances (-2013, old methodology and population)","008","Albania","645","Food supply quantity (kg/capita/yr)","S2511","Wheat and products","1980","1980","kg/cap","139.67","E","Estimated value"
"FBSH","Food Balances (-2013, old methodology and population)","008","Albania","645","Food supply quantity (kg/capita/yr)","S2511","Wheat and products","2000","2000","kg/cap","161.61","E","Estimated value"
"FBSH","Food Balances (-2013, old methodology and population)","008","Albania","645","Food supply quantity (kg/capita/yr)","S2511","Wheat and products","2013","2013","kg/cap","138.64","E","Estimated value"
"FBSH","Food Balances (-2013, old methodology and population)","008","Albania","664","Food supply (kcal/capita/day)","S2511","Wheat and products","1961","1961","kcal/cap/d","752.35","E","Estimated value"
"FBSH","Food Balances (-2013, old methodology and population)","008","Albania","664","Food supply (kcal/capita/day)","S2511","Wheat and products","1980","1980","kcal/cap/d","1053.62","E","Estimated value"
"FBSH","Food Balances (-2013, old methodology and population)","008","Albania","664","Food supply (kcal/capita/day)","S2511","Wheat and products","2000","2000","kcal/cap/d","1235.86","E","Estimated value"
"FBSH","Food Balances (-2013, old methodology and population)","008","Albania","664","Food supply (kcal/capita/day)","S2511","Wheat and products","2013","2013","kcal/cap/d","1056.34","E","Estimated value"
"FBSH","Food Balances (-2013, old methodology and population)","008","Albania","674","Protein supply quantity (g/capita/day)","S2511","Wheat and products","1961","1961","g/cap/d","24.51","E","Estimated value"
"FBSH","Food Balances (-2013, old methodology and population)","008","Albania","674","Protein supply quantity (g/capita/day)","S2511","Wheat and products","1980","1980","g/cap/d","34.32","E","Estimated value"
"FBSH","Food Balances (-2013, old methodology and population)","008","Albania","674","Protein supply quantity (g/capita/day)","S2511","Wheat and products","2000","2000","g/cap/d","39.18","E","Estimated value"
"FBSH","Food Balances (-2013, old methodology and population)","008","Albania","674","Protein supply quantity (g/capita/day)","S2511","Wheat and products","2013","2013","g/cap/d","33.64","E","Estimated value"
"FBSH","Food Balances (-2013, old methodology and population)","008","Albania","684","Fat supply quantity (g/capita/day)","S2511","Wheat and products","1961","1961","g/cap/d","2.98","E","Estimated value"
"FBSH","Food Balances (-2013, old methodology and population)","008","Albania","684","Fat supply quantity (g/capita/day)","S2511","Wheat and products","1980","1980","g/cap/d","4.18","E","Estimated value"
"FBSH","Food Balances (-2013, old methodology and population)","008","Albania","684","Fat supply quantity (g/capita/day)","S2511","Wheat and products","2000","2000","g/cap/d","5.9","E","Estimated value"
"FBSH","Food Balances (-2013, old methodology and population)","008","Albania","684","Fat supply quantity (g/capita/day)","S2511","Wheat and products","2013","2013","g/cap/d","5.85","E","Estimated value"
"FBSH","Food Balances (-2013, old methodology and population)","008","Albania","5511","Production","S2805","Rice (Milled Equivalent)","1961","1961","1000 t","3","I","Value imputed by a receiving agency"
"FBSH","Food Balances (-2013, old methodology and population)","008","Albania","5511","Production","S2805","Rice (Milled Equivalent)","1980","1980","1000 t","9","I","Value imputed by a receiving agency"
"FBSH","Food Balances (-2013, old methodology and population)","008","Albania","5511","Production","S2805","Rice (Milled Equivalent)","2000","2000","1000 t","0","I","Value imputed by a receiving agency"
"FBSH","Food Balances (-2013, old methodology and population)","008","Albania","5511","Production","S2805","Rice (Milled Equivalent)","2013","2013","1000 t","0","I","Value imputed by a receiving agency"
"FBSH","Food Balances (-2013, old methodology and population)","008","Albania","5611","Import Quantity","S2805","Rice (Milled Equivalent)","1961","1961","1000 t","0","I","Value imputed by a receiving agency"
"FBSH","Food Balances (-2013, old methodology and population)","008","Albania","5611","Import Quantity","S2805","Rice (Milled Equivalent)","1980","1980","1000 t","6","I","Value imputed by a receiving agency"
"FBSH","Food Balances (-2013, old methodology and population)","008","Albania","5611","Import Quantity","S2805","Rice (Milled Equivalent)","2000","2000","1000 t","18","I","Value imputed by a receiving agency"
"FBSH","Food Balances (-2013, old methodology and population)","008","Albania","5611","Import Quantity","S2805","Rice (Milled Equivalent)","2013","2013","1000 t","25","I","Value imputed by a receiving agency"
"FBSH","Food Balances (-2013, old methodology and population)","008","Albania","5074","Stock Variation","S2805","Rice (Milled Equivalent)","1961","1961","1000 t","0","I","Value imputed by a receiving agency"
"FBSH","Food Balances (-2013, old methodology and population)","008","Albania","5074","Stock Variation","S2805","Rice (Milled Equivalent)","1980","1980","1000 t","0","I","Value imputed by a receiving agency"
"FBSH","Food Balances (-2013, old methodology and population)","008","Albania","5074","Stock Variation","S2805","Rice (Milled Equivalent)","2000","2000","1000 t","0","I","Value imputed by a receiving agency"
"FBSH","Food Balances (-2013, old methodology and population)","008","Albania","5074","Stock Variation","S2805","Rice (Milled Equivalent)","2013","2013","1000 t","0","I","Value imputed by a receiving agency"
"FBSH","Food Balances (-2013, old methodology and population)","008","Albania","5911","Export quantity","S2805","Rice (Milled Equivalent)","1961","1961","1000 t","0","I","Value imputed by a receiving agency"
"FBSH","Food Balances (-2013, old methodology and population)","008","Albania","5911","Export quantity","S2805","Rice (Milled Equivalent)","1980","1980","1000 t","0","I","Value imputed by a receiving agency"
"FBSH","Food Balances (-2013, old methodology and population)","008","Albania","5911","Export quantity","S2805","Rice (Milled Equivalent)","2000","2000","1000 t","0","I","Value imputed by a receiving agency"
"FBSH","Food Balances (-2013, old methodology and population)","008","Albania","5911","Export quantity","S2805","Rice (Milled Equivalent)","2013","2013","1000 t","0","I","Value imputed by a receiving agency"
"FBSH","Food Balances (-2013, old methodology and population)","008","Albania","5301","Domestic supply quantity","S2805","Rice (Milled Equivalent)","1961","1961","1000 t","3","I","Value imputed by a receiving agency"
"FBSH","Food Balances (-2013, old methodology and population)","008","Albania","5301","Domestic supply quantity","S2805","Rice (Milled Equivalent)","1980","1980","1000 t","15","I","Value imputed by a receiving agency"
"FBSH","Food Balances (-2013, old methodology and population)","008","Albania","5301","Domestic supply quantity","S2805","Rice (Milled Equivalent)","2000","2000","1000 t","18","I","Value imputed by a receiving agency"
"FBSH","Food Balances (-2013, old methodology and population)","008","Albania","5301","Domestic supply quantity","S2805","Rice (Milled Equivalent)","2013","2013","1000 t","25","I","Value imputed by a receiving agency"
"FBSH","Food Balances (-2013, old methodology and population)","008","Albania","5521","Feed","S2805","Rice (Milled Equivalent)","1961","1961","1000 t","0","I","Value imputed by a receiving agency"
"FBSH","Food Balances (-2013, old methodology and population)","008","Albania","5521","Feed","S2805","Rice (Milled Equivalent)","1980","1980","1000 t","0","I","Value imputed by a receiving agency"
"FBSH","Food Balances (-2013, old methodology and population)","008","Albania","5521","Feed","S2805","Rice (Milled Equivalent)","2000","2000","1000 t","0","I","Value imputed by a receiving agency"
"FBSH","Food Balances (-2013, old methodology and population)","008","Albania","5521","Feed","S2805","Rice (Milled Equivalent)","2013","2013","1000 t","0","I","Value imputed by a receiving agency"
"FBSH","Food Balances (-2013, old methodology and population)","008","Albania","5527","Seed","S2805","Rice (Milled Equivalent)","1961","1961","1000 t","1","I","Value imputed by a receiving agency"
"FBSH","Food Balances (-2013, old methodology and population)","008","Albania","5527","Seed","S2805","Rice (Milled Equivalent)","1980","1980","1000 t","1","I","Value imputed by a receiving agency"
"FBSH","Food Balances (-2013, old methodology and population)","008","Albania","5527","Seed","S2805","Rice (Milled Equivalent)","2000","2000","1000 t","0","I","Value imputed by a receiving agency"
"FBSH","Food Balances (-2013, old methodology and population)","008","Albania","5527","Seed","S2805","Rice (Milled Equivalent)","2013","2013","1000 t","0","I","Value imputed by a receiving agency"
"FBSH","Food Balances (-2013, old methodology and population)","008","Albania","5123","Losses","S2805","Rice (Milled Equivalent)","1961","1961","1000 t","0","I","Value imputed by a receiving agency"
"FBSH","Food Balances (-2013, old methodology and population)","008","Albania","5123","Losses","S2805","Rice (Milled Equivalent)","1980","1980","1000 t","0","I","Value imputed by a receiving agency"
"FBSH","Food Balances (-2013, old methodology and population)","008","Albania","5123","Losses","S2805","Rice (Milled Equivalent)","2000","2000","1000 t","0","I","Value imputed by a receiving agency"
"FBSH","Food Balances (-2013, old methodology and population)","008","Albania","5123","Losses","S2805","Rice (Milled Equivalent)","2013","2013","1000 t","0","I","Value imputed by a receiving agency"
"FBSH","Food Balances (-2013, old methodology and population)","008","Albania","5131","Processing","S2805","Rice (Milled Equivalent)","1961","1961","1000 t","0","I","Value imputed by a receiving agency"
"FBSH","Food Balances (-2013, old methodology and population)","008","Albania","5131","Processing","S2805","Rice (Milled Equivalent)","1980","1980","1000 t","0","I","Value imputed by a receiving agency"
"FBSH","Food Balances (-2013, old methodology and population)","008","Albania","5131","Processing","S2805","Rice (Milled Equivalent)","2000","2000","1000 t","0","I","Value imputed by a receiving agency"
"FBSH","Food Balances (-2013, old methodology and population)","008","Albania","5131","Processing","S2805","Rice (Milled Equivalent)","2013","2013","1000 t","0","I","Value imputed by a receiving agency"
"FBSH","Food Balances (-2013, old methodology and population)","008","Albania","5154","Other uses (non-food)","S2805","Rice (Milled Equivalent)","1961","1961","1000 t","0","I","Value imputed by a receiving agency"
"FBSH","Food Balances (-2013, old methodology and population)","008","Albania","5154","Other uses (non-food)","S2805","Rice (Milled Equivalent)","1980","1980","1000 t","0","I","Value imputed by a receiving agency"
"FBSH","Food Balances (-2013, old methodology and population)","008","Albania","5154","Other uses (non-food)","S2805","Rice (Milled Equivalent)","2000","2000","1000 t","0","I","Value imputed by a receiving agency"
"FBSH","Food Balances (-2013, old methodology and population)","008","Albania","5154","Other uses (non-food)","S2805","Rice (Milled Equivalent)","2013","2013","1000 t","0","I","Value imputed by a receiving agency"
"FBSH","Food Balances (-2013, old methodology and population)","008","Albania","5142","Food","S2805","Rice (Milled Equivalent)","1961","1961","1000 t","2","I","Value imputed by a receiving agency"
"FBSH","Food Balances (-2013, old methodology and population)","008","Albania","5142","Food","S2805","Rice (Milled Equivalent)","1980","1980","1000 t","14","I","Value imputed by a receiving agency"
"FBSH","Food Balances (-2013, old methodology and population)","008","Albania","5142","Food","S2805","Rice (Milled Equivalent)","2000","2000","1000 t","18","I","Value imputed by a receiving agency"
"FBSH","Food Balances (-2013, old methodology and population)","008","Albania","5142","Food","S2805","Rice (Milled Equivalent)","2013","2013","1000 t","25","I","Value imputed by a receiving agency"
"FBSH","Food Balances (-2013, old methodology and population)","008","Albania","645","Food supply quantity (kg/capita/yr)","S2805","Rice (Milled Equivalent)","1961","1961","kg/cap","1.39","E","Estimated value"
"FBSH","Food Balances (-2013, old methodology and population)","008","Albania","645","Food supply quantity (kg/capita/yr)","S2805","Rice (Milled Equivalent)","1980","1980","kg/cap","5","E","Estimated value"
"FBSH","Food Balances (-2013, old methodology and population)","008","Albania","645","Food supply quantity (kg/capita/yr)","S2805","Rice (Milled Equivalent)","2000","2000","kg/cap","5.47","E","Estimated value"
"FBSH","Food Balances (-2013, old methodology and population)","008","Albania","645","Food supply quantity (kg/capita/yr)","S2805","Rice (Milled Equivalent)","2013","2013","kg/cap","7.78","E","Estimated value"
"FBSH","Food Balances (-2013, old methodology and population)","008","Albania","664","Food supply (kcal/capita/day)","S2805","Rice (Milled Equivalent)","1961","1961","kcal/cap/d","16.55","E","Estimated value"
"FBSH","Food Balances (-2013, old methodology and population)","008","Albania","664","Food supply (kcal/capita/day)","S2805","Rice (Milled Equivalent)","1980","1980","kcal/cap/d","50.34","E","Estimated value"
"FBSH","Food Balances (-2013, old methodology and population)","008","Albania","664","Food supply (kcal/capita/day)","S2805","Rice (Milled Equivalent)","2000","2000","kcal/cap/d","53.46","E","Estimated value"
"FBSH","Food Balances (-2013, old methodology and population)","008","Albania","664","Food supply (kcal/capita/day)","S2805","Rice (Milled Equivalent)","2013","2013","kcal/cap/d","68.33","E","Estimated value"
"FBSH","Food Balances (-2013, old methodology and population)","008","Albania","674","Protein supply quantity (g/capita/day)","S2805","Rice (Milled Equivalent)","1961","1961","g/cap/d","0.32","E","Estimated value"
"FBSH","Food Balances (-2013, old methodology and population)","008","Albania","674","Protein supply quantity (g/capita/day)","S2805","Rice (Milled Equivalent)","1980","1980","g/cap/d","0.98","E","Estimated value"
"FBSH","Food Balances (-2013, old methodology and population)","008","Albania","674","Protein supply quantity (g/capita/day)","S2805","Rice (Milled Equivalent)","2000","2000","g/cap/d","1.09","E","Estimated value"
"FBSH","Food Balances (-2013, old methodology and population)","008","Albania","674","Protein supply quantity (g/capita/day)","S2805","Rice (Milled Equivalent)","2013","2013","g/cap/d","1.34","E","Estimated value"
"FBSH","Food Balances (-2013, old methodology and population)","008","Albania","684","Fat supply quantity (g/capita/day)","S2805","Rice (Milled Equivalent)","1961","1961","g/cap/d","0.03","E","Estimated value"
"FBSH","Food Balances (-2013, old methodology and population)","008","Albania","684","Fat supply quantity (g/capita/day)","S2805","Rice (Milled Equivalent)","1980","1980","g/cap/d","0.08","E","Estimated value"
"FBSH","Food Balances (-2013, old methodology and population)","008","Albania","684","Fat supply quantity (g/capita/day)","S2805","Rice (Milled Equivalent)","2000","2000","g/cap/d","0.21","E","Estimated value"
"FBSH","Food Balances (-2013, old methodology and population)","008","Albania","684","Fat supply quantity (g/capita/day)","S2805","Rice (Milled Equivalent)","2013","2013","g/cap/d","0.16","E","Estimated value"
"FBSH","Food Balances (-2013, old methodology and population)","008","Albania","5511","Production","S2531","Potatoes and products","1961","1961","1000 t","30","I","Value imputed by a receiving agency"
"FBSH","Food Balances (-2013, old methodology and population)","008","Albania","5511","Production","S2531","Potatoes and products","1980","1980","1000 t","99","I","Value imputed by a receiving agency"
"FBSH","Food Balances (-2013, old methodology and population)","008","Albania","5511","Production","S2531","Potatoes and products","2000","2000","1000 t","161","I","Value imputed by a receiving agency"
"FBSH","Food Balances (-2013, old methodology and population)","008","Albania","5511","Production","S2531","Potatoes and products","2013","2013","1000 t","237","I","Value imputed by a receiving agency"
"FBSH","Food Balances (-2013, old methodology and population)","008","Albania","5611","Import Quantity","S2531","Potatoes and products","1961","1961","1000 t","0","I","Value imputed by a receiving agency"
"FBSH","Food Balances (-2013, old methodology and population)","008","Albania","5611","Import Quantity","S2531","Potatoes and products","1980","1980","1000 t","0","I","Value imputed by a receiving agency"
"FBSH","Food Balances (-2013, old methodology and population)","008","Albania","5611","Import Quantity","S2531","Potatoes and products","2000","2000","1000 t","20","I","Value imputed by a receiving agency"
"FBSH","Food Balances (-2013, old methodology and population)","008","Albania","5611","Import Quantity","S2531","Potatoes and products","2013","2013","1000 t","27","I","Value imputed by a receiving agency"
"FBSH","Food Balances (-2013, old methodology and population)","008","Albania","5074","Stock Variation","S2531","Potatoes and products","1961","1961","1000 t","-7","I","Value imputed by a receiving agency"
"FBSH","Food Balances (-2013, old methodology and population)","008","Albania","5074","Stock Variation","S2531","Potatoes and products","1980","1980","1000 t","10","I","Value imputed by a receiving agency"
"FBSH","Food Balances (-2013, old methodology and population)","008","Albania","5074","Stock Variation","S2531","Potatoes and products","2000","2000","1000 t","0","I","Value imputed by a receiving agency"
"FBSH","Food Balances (-2013, old methodology and population)","008","Albania","5074","Stock Variation","S2531","Potatoes and products","2013","2013","1000 t","0","I","Value imputed by a receiving agency"
"FBSH","Food Balances (-2013, old methodology and population)","008","Albania","5911","Export quantity","S2531","Potatoes and products","1961","1961","1000 t","0","I","Value imputed by a receiving agency"
"FBSH","Food Balances (-2013, old methodology and population)","008","Albania","5911","Export quantity","S2531","Potatoes and products","1980","1980","1000 t","5","I","Value imputed by a receiving agency"
"FBSH","Food Balances (-2013, old methodology and population)","008","Albania","5911","Export quantity","S2531","Potatoes and products","2000","2000","1000 t","0","I","Value imputed by a receiving agency"
"FBSH","Food Balances (-2013, old methodology and population)","008","Albania","5911","Export quantity","S2531","Potatoes and products","2013","2013","1000 t","2","I","Value imputed by a receiving agency"
"FBSH","Food Balances (-2013, old methodology and population)","008","Albania","5301","Domestic supply quantity","S2531","Potatoes and products","1961","1961","1000 t","23","I","Value imputed by a receiving agency"
"FBSH","Food Balances (-2013, old methodology and population)","008","Albania","5301","Domestic supply quantity","S2531","Potatoes and products","1980","1980","1000 t","104","I","Value imputed by a receiving agency"
"FBSH","Food Balances (-2013, old methodology and population)","008","Albania","5301","Domestic supply quantity","S2531","Potatoes and products","2000","2000","1000 t","181","I","Value imputed by a receiving agency"
"FBSH","Food Balances (-2013, old methodology and population)","008","Albania","5301","Domestic supply quantity","S2531","Potatoes and products","2013","2013","1000 t","262","I","Value imputed by a receiving agency"
"FBSH","Food Balances (-2013, old methodology and population)","008","Albania","5521","Feed","S2531","Potatoes and products","1961","1961","1000 t","1","I","Value imputed by a receiving agency"
"FBSH","Food Balances (-2013, old methodology and population)","008","Albania","5521","Feed","S2531","Potatoes and products","1980","1980","1000 t","1","I","Value imputed by a receiving agency"
"FBSH","Food Balances (-2013, old methodology and population)","008","Albania","5521","Feed","S2531","Potatoes and products","2000","2000","1000 t","35","I","Value imputed by a receiving agency"
"FBSH","Food Balances (-2013, old methodology and population)","008","Albania","5521","Feed","S2531","Potatoes and products","2013","2013","1000 t","75","I","Value imputed by a receiving agency"
"FBSH","Food Balances (-2013, old methodology and population)","008","Albania","5527","Seed","S2531","Potatoes and products","1961","1961","1000 t","11","I","Value imputed by a receiving agency"
"FBSH","Food Balances (-2013, old methodology and population)","008","Albania","5527","Seed","S2531","Potatoes and products","1980","1980","1000 t","50","I","Value imputed by a receiving agency"
"FBSH","Food Balances (-2013, old methodology and population)","008","Albania","5527","Seed","S2531","Potatoes and products","2000","2000","1000 t","33","I","Value imputed by a receiving agency"
"FBSH","Food Balances (-2013, old methodology and population)","008","Albania","5527","Seed","S2531","Potatoes and products","2013","2013","1000 t","29","I","Value imputed by a receiving agency"
"FBSH","Food Balances (-2013, old methodology and population)","008","Albania","5123","Losses","S2531","Potatoes and products","1961","1961","1000 t","2","I","Value imputed by a receiving agency"
"FBSH","Food Balances (-2013, old methodology and population)","008","Albania","5123","Losses","S2531","Potatoes and products","1980","1980","1000 t","4","I","Value imputed by a receiving agency"
"FBSH","Food Balances (-2013, old methodology and population)","008","Albania","5123","Losses","S2531","Potatoes and products","2000","2000","1000 t","16","I","Value imputed by a receiving agency"
"FBSH","Food Balances (-2013, old methodology and population)","008","Albania","5123","Losses","S2531","Potatoes and products","2013","2013","1000 t","23","I","Value imputed by a receiving agency"
"FBSH","Food Balances (-2013, old methodology and population)","008","Albania","5154","Other uses (non-food)","S2531","Potatoes and products","1961","1961","1000 t","0","I","Value imputed by a receiving agency"
"FBSH","Food Balances (-2013, old methodology and population)","008","Albania","5154","Other uses (non-food)","S2531","Potatoes and products","1980","1980","1000 t","0","I","Value imputed by a receiving agency"
"FBSH","Food Balances (-2013, old methodology and population)","008","Albania","5154","Other uses (non-food)","S2531","Potatoes and products","2000","2000","1000 t","1","I","Value imputed by a receiving agency"
"FBSH","Food Balances (-2013, old methodology and population)","008","Albania","5154","Other uses (non-food)","S2531","Potatoes and products","2013","2013","1000 t","5","I","Value imputed by a receiving agency"
"FBSH","Food Balances (-2013, old methodology and population)","008","Albania","5142","Food","S2531","Potatoes and products","1961","1961","1000 t","10","I","Value imputed by a receiving agency"
"FBSH","Food Balances (-2013, old methodology and population)","008","Albania","5142","Food","S2531","Potatoes and products","1980","1980","1000 t","48","I","Value imputed by a receiving agency"
"FBSH","Food Balances (-2013, old methodology and population)","008","Albania","5142","Food","S2531","Potatoes and products","2000","2000","1000 t","96","I","Value imputed by a receiving agency"
"FBSH","Food Balances (-2013, old methodology and population)","008","Albania","5142","Food","S2531","Potatoes and products","2013","2013","1000 t","131","I","Value imputed by a receiving agency"
"FBSH","Food Balances (-2013, old methodology and population)","008","Albania","645","Food supply quantity (kg/capita/yr)","S2531","Potatoes and products","1961","1961","kg/cap","5.99","E","Estimated value"
"FBSH","Food Balances (-2013, old methodology and population)","008","Albania","645","Food supply quantity (kg/capita/yr)","S2531","Potatoes and products","1980","1980","kg/cap","17.59","E","Estimated value"
"FBSH","Food Balances (-2013, old methodology and population)","008","Albania","645","Food supply quantity (kg/capita/yr)","S2531","Potatoes and products","2000","2000","kg/cap","29.18","E","Estimated value"
"FBSH","Food Balances (-2013, old methodology and population)","008","Albania","645","Food supply quantity (kg/capita/yr)","S2531","Potatoes and products","2013","2013","kg/cap","41.26","E","Estimated value"
"FBSH","Food Balances (-2013, old methodology and population)","008","Albania","664","Food supply (kcal/capita/day)","S2531","Potatoes and products","1961","1961","kcal/cap/d","11.33","E","Estimated value"
"FBSH","Food Balances (-2013, old methodology and population)","008","Albania","664","Food supply (kcal/capita/day)","S2531","Potatoes and products","1980","1980","kcal/cap/d","33.25","E","Estimated value"
"FBSH","Food Balances (-2013, old methodology and population)","008","Albania","664","Food supply (kcal/capita/day)","S2531","Potatoes and products","2000","2000","kcal/cap/d","55.12","E","Estimated value"
"FBSH","Food Balances (-2013, old methodology and population)","008","Albania","664","Food supply (kcal/capita/day)","S2531","Potatoes and products","2013","2013","kcal/cap/d","77.15","E","Estimated value"
"FBSH","Food Balances (-2013, old methodology and population)","008","Albania","674","Protein supply quantity (g/capita/day)","S2531","Potatoes and products","1961","1961","g/cap/d","0.28","E","Estimated value"
"FBSH","Food Balances (-2013, old methodology and population)","008","Albania","674","Protein supply quantity (g/capita/day)","S2531","Potatoes and products","1980","1980","g/cap/d","0.82","E","Estimated value"
"FBSH","Food Balances (-2013, old methodology and population)","008","Albania","674","Protein supply quantity (g/capita/day)","S2531","Potatoes and products","2000","2000","g/cap/d","1.36","E","Estimated value"
"FBSH","Food Balances (-2013, old methodology and population)","008","Albania","674","Protein supply quantity (g/capita/day)","S2531","Potatoes and products","2013","2013","g/cap/d","1.89","E","Estimated value"
"FBSH","Food Balances (-2013, old methodology and population)","008","Albania","684","Fat supply quantity (g/capita/day)","S2531","Potatoes and products","1961","1961","g/cap/d","0.02","E","Estimated value"
"FBSH","Food Balances (-2013, old methodology and population)","008","Albania","684","Fat supply quantity (g/capita/day)","S2531","Potatoes and products","1980","1980","g/cap/d","0.05","E","Estimated value"
"FBSH","Food Balances (-2013, old methodology and population)","008","Albania","684","Fat supply quantity (g/capita/day)","S2531","Potatoes and products","2000","2000","g/cap/d","0.08","E","Estimated value"
"FBSH","Food Balances (-2013, old methodology and population)","008","Albania","684","Fat supply quantity (g/capita/day)","S2531","Potatoes and products","2013","2013","g/cap/d","0.11","E","Estimated value"
"FBSH","Food Balances (-2013, old methodology and population)","008","Albania","5511","Production","S2745","Honey","1961","1961","1000 t","0","I","Value imputed by a receiving agency"
"FBSH","Food Balances (-2013, old methodology and population)","008","Albania","5511","Production","S2745","Honey","1980","1980","1000 t","1","I","Value imputed by a receiving agency"
"FBSH","Food Balances (-2013, old methodology and population)","008","Albania","5511","Production","S2745","Honey","2000","2000","1000 t","1","I","Value imputed by a receiving agency"
"FBSH","Food Balances (-2013, old methodology and population)","008","Albania","5511","Production","S2745","Honey","2013","2013","1000 t","3","I","Value imputed by a receiving agency"
"FBSH","Food Balances (-2013, old methodology and population)","008","Albania","5611","Import Quantity","S2745","Honey","1961","1961","1000 t","0","I","Value imputed by a receiving agency"
"FBSH","Food Balances (-2013, old methodology and population)","008","Albania","5611","Import Quantity","S2745","Honey","1980","1980","1000 t","0","I","Value imputed by a receiving agency"
"FBSH","Food Balances (-2013, old methodology and population)","008","Albania","5611","Import Quantity","S2745","Honey","2000","2000","1000 t","0","I","Value imputed by a receiving agency"
"FBSH","Food Balances (-2013, old methodology and population)","008","Albania","5611","Import Quantity","S2745","Honey","2013","2013","1000 t","0","I","Value imputed by a receiving agency"
"FBSH","Food Balances (-2013, old methodology and population)","008","Albania","5911","Export quantity","S2745","Honey","1961","1961","1000 t","0","I","Value imputed by a receiving agency"
"FBSH","Food Balances (-2013, old methodology and population)","008","Albania","5911","Export quantity","S2745","Honey","1980","1980","1000 t","0","I","Value imputed by a receiving agency"
"FBSH","Food Balances (-2013, old methodology and population)","008","Albania","5911","Export quantity","S2745","Honey","2000","2000","1000 t","0","I","Value imputed by a receiving agency"
"FBSH","Food Balances (-2013, old methodology and population)","008","Albania","5911","Export quantity","S2745","Honey","2013","2013","1000 t","0","I","Value imputed by a receiving agency"
"FBSH","Food Balances (-2013, old methodology and population)","008","Albania","5301","Domestic supply quantity","S2745","Honey","1961","1961","1000 t","0","I","Value imputed by a receiving agency"
"FBSH","Food Balances (-2013, old methodology and population)","008","Albania","5301","Domestic supply quantity","S2745","Honey","1980","1980","1000 t","1","I","Value imputed by a receiving agency"
"FBSH","Food Balances (-2013, old methodology and population)","008","Albania","5301","Domestic supply quantity","S2745","Honey","2000","2000","1000 t","1","I","Value imputed by a receiving agency"
"FBSH","Food Balances (-2013, old methodology and population)","008","Albania","5301","Domestic supply quantity","S2745","Honey","2013","2013","1000 t","3","I","Value imputed by a receiving agency"
"FBSH","Food Balances (-2013, old methodology and population)","008","Albania","5142","Food","S2745","Honey","1961","1961","1000 t","0","I","Value imputed by a receiving agency"
"FBSH","Food Balances (-2013, old methodology and population)","008","Albania","5142","Food","S2745","Honey","1980","1980","1000 t","1","I","Value imputed by a receiving agency"
"FBSH","Food Balances (-2013, old methodology and population)","008","Albania","5142","Food","S2745","Honey","2000","2000","1000 t","1","I","Value imputed by a receiving agency"
"FBSH","Food Balances (-2013, old methodology and population)","008","Albania","5142","Food","S2745","Honey","2013","2013","1000 t","3","I","Value imputed by a receiving agency"
"FBSH","Food Balances (-2013, old methodology and population)","008","Albania","645","Food supply quantity (kg/capita/yr)","S2745","Honey","1961","1961","kg/cap","0.24","E","Estimated value"
"FBSH","Food Balances (-2013, old methodology and population)","008","Albania","645","Food supply quantity (kg/capita/yr)","S2745","Honey","1980","1980","kg/cap","0.23","E","Estimated value"
"FBSH","Food Balances (-2013, old methodology and population)","008","Albania","645","Food supply quantity (kg/capita/yr)","S2745","Honey","2000","2000","kg/cap","0.33","E","Estimated value"
"FBSH","Food Balances (-2013, old methodology and population)","008","Albania","645","Food supply quantity (kg/capita/yr)","S2745","Honey","2013","2013","kg/cap","0.95","E","Estimated value"
"FBSH","Food Balances (-2013, old methodology and population)","008","Albania","664","Food supply (kcal/capita/day)","S2745","Honey","1961","1961","kcal/cap/d","1.96","E","Estimated value"
"FBSH","Food Balances (-2013, old methodology and population)","008","Albania","664","Food supply (kcal/capita/day)","S2745","Honey","1980","1980","kcal/cap/d","1.85","E","Estimated value"
"FBSH","Food Balances (-2013, old methodology and population)","008","Albania","664","Food supply (kcal/capita/day)","S2745","Honey","2000","2000","kcal/cap/d","2.69","E","Estimated value"
"FBSH","Food Balances (-2013, old methodology and population)","008","Albania","664","Food supply (kcal/capita/day)","S2745","Honey","2013","2013","kcal/cap/d","7.76","E","Estimated value"
"FBSH","Food Balances (-2013, old methodology and population)","008","Albania","674","Protein supply quantity (g/capita/day)","S2745","Honey","1961","1961","g/cap/d","0","E","Estimated value"
"FBSH","Food Balances (-2013, old methodology and population)","008","Albania","674","Protein supply quantity (g/capita/day)","S2745","Honey","1980","1980","g/cap/d","0","E","Estimated value"
"FBSH","Food Balances (-2013, old methodology and population)","008","Albania","674","Protein supply quantity (g/capita/day)","S2745","Honey","2000","2000","g/cap/d","0","E","Estimated value"
"FBSH","Food Balances (-2013, old methodology and population)","008","Albania","674","Protein supply quantity (g/capita/day)","S2745","Honey","2013","2013","g/cap/d","0.01","E","Estimated value"
"FBSH","Food Balances (-2013, old methodology and population)","008","Albania","5511","Production","S2546","Beans","1961","1961","1000 t","9","I","Value imputed by a receiving agency"
"FBSH","Food Balances (-2013, old methodology and population)","008","Albania","5511","Production","S2546","Beans","1980","1980","1000 t","18","I","Value imputed by a receiving agency"
"FBSH","Food Balances (-2013, old methodology and population)","008","Albania","5511","Production","S2546","Beans","2000","2000","1000 t","25","I","Value imputed by a receiving agency"
"FBSH","Food Balances (-2013, old methodology and population)","008","Albania","5511","Production","S2546","Beans","2013","2013","1000 t","28","I","Value imputed by a receiving agency"
"FBSH","Food Balances (-2013, old methodology and population)","008","Albania","5611","Import Quantity","S2546","Beans","1961","1961","1000 t","0","I","Value imputed by a receiving agency"
"FBSH","Food Balances (-2013, old methodology and population)","008","Albania","5611","Import Quantity","S2546","Beans","1980","1980","1000 t","0","I","Value imputed by a receiving agency"
"FBSH","Food Balances (-2013, old methodology and population)","008","Albania","5611","Import Quantity","S2546","Beans","2000","2000","1000 t","1","I","Value imputed by a receiving agency"
"FBSH","Food Balances (-2013, old methodology and population)","008","Albania","5611","Import Quantity","S2546","Beans","2013","2013","1000 t","2","I","Value imputed by a receiving agency"
"FBSH","Food Balances (-2013, old methodology and population)","008","Albania","5074","Stock Variation","S2546","Beans","1961","1961","1000 t","-1","I","Value imputed by a receiving agency"
"FBSH","Food Balances (-2013, old methodology and population)","008","Albania","5074","Stock Variation","S2546","Beans","1980","1980","1000 t","0","I","Value imputed by a receiving agency"
"FBSH","Food Balances (-2013, old methodology and population)","008","Albania","5074","Stock Variation","S2546","Beans","2000","2000","1000 t","0","I","Value imputed by a receiving agency"
"FBSH","Food Balances (-2013, old methodology and population)","008","Albania","5074","Stock Variation","S2546","Beans","2013","2013","1000 t","-2","I","Value imputed by a receiving agency"
"FBSH","Food Balances (-2013, old methodology and population)","008","Albania","5911","Export quantity","S2546","Beans","1961","1961","1000 t","0","I","Value imputed by a receiving agency"
"FBSH","Food Balances (-2013, old methodology and population)","008","Albania","5911","Export quantity","S2546","Beans","1980","1980","1000 t","0","I","Value imputed by a receiving agency"
"FBSH","Food Balances (-2013, old methodology and population)","008","Albania","5911","Export quantity","S2546","Beans","2000","2000","1000 t","1","I","Value imputed by a receiving agency"
"FBSH","Food Balances (-2013, old methodology and population)","008","Albania","5911","Export quantity","S2546","Beans","2013","2013","1000 t","0","I","Value imputed by a receiving agency"
"FBSH","Food Balances (-2013, old methodology and population)","008","Albania","5301","Domestic supply quantity","S2546","Beans","1961","1961","1000 t","8","I","Value imputed by a receiving agency"
"FBSH","Food Balances (-2013, old methodology and population)","008","Albania","5301","Domestic supply quantity","S2546","Beans","1980","1980","1000 t","18","I","Value imputed by a receiving agency"
"FBSH","Food Balances (-2013, old methodology and population)","008","Albania","5301","Domestic supply quantity","S2546","Beans","2000","2000","1000 t","25","I","Value imputed by a receiving agency"
"FBSH","Food Balances (-2013, old methodology and population)","008","Albania","5301","Domestic supply quantity","S2546","Beans","2013","2013","1000 t","28","I","Value imputed by a receiving agency"
"FBSH","Food Balances (-2013, old methodology and population)","008","Albania","5521","Feed","S2546","Beans","1961","1961","1000 t","0","I","Value imputed by a receiving agency"
"FBSH","Food Balances (-2013, old methodology and population)","008","Albania","5521","Feed","S2546","Beans","1980","1980","1000 t","0","I","Value imputed by a receiving agency"
"FBSH","Food Balances (-2013, old methodology and population)","008","Albania","5521","Feed","S2546","Beans","2000","2000","1000 t","0","I","Value imputed by a receiving agency"
"FBSH","Food Balances (-2013, old methodology and population)","008","Albania","5521","Feed","S2546","Beans","2013","2013","1000 t","1","I","Value imputed by a receiving agency"
"FBSH","Food Balances (-2013, old methodology and population)","008","Albania","5527","Seed","S2546","Beans","1961","1961","1000 t","3","I","Value imputed by a receiving agency"
"FBSH","Food Balances (-2013, old methodology and population)","008","Albania","5527","Seed","S2546","Beans","1980","1980","1000 t","5","I","Value imputed by a receiving agency"
"FBSH","Food Balances (-2013, old methodology and population)","008","Albania","5527","Seed","S2546","Beans","2000","2000","1000 t","4","I","Value imputed by a receiving agency"
"FBSH","Food Balances (-2013, old methodology and population)","008","Albania","5527","Seed","S2546","Beans","2013","2013","1000 t","3","I","Value imputed by a receiving agency"
"FBSH","Food Balances (-2013, old methodology and population)","008","Albania","5123","Losses","S2546","Beans","1961","1961","1000 t","1","I","Value imputed by a receiving agency"
"FBSH","Food Balances (-2013, old methodology and population)","008","Albania","5123","Losses","S2546","Beans","1980","1980","1000 t","4","I","Value imputed by a receiving agency"
"FBSH","Food Balances (-2013, old methodology and population)","008","Albania","5123","Losses","S2546","Beans","2000","2000","1000 t","5","I","Value imputed by a receiving agency"
"FBSH","Food Balances (-2013, old methodology and population)","008","Albania","5123","Losses","S2546","Beans","2013","2013","1000 t","8","I","Value imputed by a receiving agency"
"FBSH","Food Balances (-2013, old methodology and population)","008","Albania","5142","Food","S2546","Beans","1961","1961","1000 t","5","I","Value imputed by a receiving agency"
"FBSH","Food Balances (-2013, old methodology and population)","008","Albania","5142","Food","S2546","Beans","1980","1980","1000 t","9","I","Value imputed by a receiving agency"
"FBSH","Food Balances (-2013, old methodology and population)","008","Albania","5142","Food","S2546","Beans","2000","2000","1000 t","16","I","Value imputed by a receiving agency"
"FBSH","Food Balances (-2013, old methodology and population)","008","Albania","5142","Food","S2546","Beans","2013","2013","1000 t","16","I","Value imputed by a receiving agency"
"FBSH","Food Balances (-2013, old methodology and population)","008","Albania","645","Food supply quantity (kg/capita/yr)","S2546","Beans","1961","1961","kg/cap","3","E","Estimated value"
"FBSH","Food Balances (-2013, old methodology and population)","008","Albania","645","Food supply quantity (kg/capita/yr)","S2546","Beans","1980","1980","kg/cap","3.44","E","Estimated value"
"FBSH","Food Balances (-2013, old methodology and population)","008","Albania","645","Food supply quantity (kg/capita/yr)","S2546","Beans","2000","2000","kg/cap","4.84","E","Estimated value"
"FBSH","Food Balances (-2013, old methodology and population)","008","Albania","645","Food supply quantity (kg/capita/yr)","S2546","Beans","2013","2013","kg/cap","5.04","E","Estimated value"
"FBSH","Food Balances (-2013, old methodology and population)","008","Albania","664","Food supply (kcal/capita/day)","S2546","Beans","1961","1961","kcal/cap/d","27.5","E","Estimated value"
"FBSH","Food Balances (-2013, old methodology and population)","008","Albania","664","Food supply (kcal/capita/day)","S2546","Beans","1980","1980","kcal/cap/d","31.54","E","Estimated value"
"FBSH","Food Balances (-2013, old methodology and population)","008","Albania","664","Food supply (kcal/capita/day)","S2546","Beans","2000","2000","kcal/cap/d","44.43","E","Estimated value"
"FBSH","Food Balances (-2013, old methodology and population)","008","Albania","664","Food supply (kcal/capita/day)","S2546","Beans","2013","2013","kcal/cap/d","46.28","E","Estimated value"
"FBSH","Food Balances (-2013, old methodology and population)","008","Albania","674","Protein supply quantity (g/capita/day)","S2546","Beans","1961","1961","g/cap/d","1.73","E","Estimated value"
"FBSH","Food Balances (-2013, old methodology and population)","008","Albania","674","Protein supply quantity (g/capita/day)","S2546","Beans","1980","1980","g/cap/d","1.99","E","Estimated value"
"FBSH","Food Balances (-2013, old methodology and population)","008","Albania","674","Protein supply quantity (g/capita/day)","S2546","Beans","2000","2000","g/cap/d","2.8","E","Estimated value"
"FBSH","Food Balances (-2013, old methodology and population)","008","Albania","674","Protein supply quantity (g/capita/day)","S2546","Beans","2013","2013","g/cap/d","2.92","E","Estimated value"
"FBSH","Food Balances (-2013, old methodology and population)","008","Albania","684","Fat supply quantity (g/capita/day)","S2546","Beans","1961","1961","g/cap/d","0.13","E","Estimated value"
"FBSH","Food Balances (-2013, old methodology and population)","008","Albania","684","Fat supply quantity (g/capita/day)","S2546","Beans","1980","1980","g/cap/d","0.15","E","Estimated value"
"FBSH","Food Balances (-2013, old methodology and population)","008","Albania","684","Fat supply quantity (g/capita/day)","S2546","Beans","2000","2000","g/cap/d","0.21","E","Estimated value"
"FBSH","Food Balances (-2013, old methodology and population)","008","Albania","684","Fat supply quantity (g/capita/day)","S2546","Beans","2013","2013","g/cap/d","0.22","E","Estimated value"
"FBSH","Food Balances (-2013, old methodology and population)","008","Albania","5511","Production","S2551","Nuts and products","1961","1961","1000 t","6","I","Value imputed by a receiving agency"
"FBSH","Food Balances (-2013, old methodology and population)","008","Albania","5511","Production","S2551","Nuts and products","1980","1980","1000 t","5","I","Value imputed by a receiving agency"
"FBSH","Food Balances (-2013, old methodology and population)","008","Albania","5511","Production","S2551","Nuts and products","2000","2000","1000 t","7","I","Value imputed by a receiving agency"
"FBSH","Food Balances (-2013, old methodology and population)","008","Albania","5511","Production","S2551","Nuts and products","2013","2013","1000 t","13","I","Value imputed by a receiving agency"
"FBSH","Food Balances (-2013, old methodology and population)","008","Albania","5611","Import Quantity","S2551","Nuts and products","1961","1961","1000 t","0","I","Value imputed by a receiving agency"
"FBSH","Food Balances (-2013, old methodology and population)","008","Albania","5611","Import Quantity","S2551","Nuts and products","1980","1980","1000 t","0","I","Value imputed by a receiving agency"
"FBSH","Food Balances (-2013, old methodology and population)","008","Albania","5611","Import Quantity","S2551","Nuts and products","2000","2000","1000 t","0","I","Value imputed by a receiving agency"
"FBSH","Food Balances (-2013, old methodology and population)","008","Albania","5611","Import Quantity","S2551","Nuts and products","2013","2013","1000 t","3","I","Value imputed by a receiving agency"
"FBSH","Food Balances (-2013, old methodology and population)","008","Albania","5074","Stock Variation","S2551","Nuts and products","1961","1961","1000 t","0","I","Value imputed by a receiving agency"
"FBSH","Food Balances (-2013, old methodology and population)","008","Albania","5074","Stock Variation","S2551","Nuts and products","1980","1980","1000 t","0","I","Value imputed by a receiving agency"
"FBSH","Food Balances (-2013, old methodology and population)","008","Albania","5074","Stock Variation","S2551","Nuts and products","2000","2000","1000 t","0","I","Value imputed by a receiving agency"
"FBSH","Food Balances (-2013, old methodology and population)","008","Albania","5074","Stock Variation","S2551","Nuts and products","2013","2013","1000 t","2","I","Value imputed by a receiving agency"
"FBSH","Food Balances (-2013, old methodology and population)","008","Albania","5911","Export quantity","S2551","Nuts and products","1961","1961","1000 t","1","I","Value imputed by a receiving agency"
"FBSH","Food Balances (-2013, old methodology and population)","008","Albania","5911","Export quantity","S2551","Nuts and products","1980","1980","1000 t","1","I","Value imputed by a receiving agency"
"FBSH","Food Balances (-2013, old methodology and population)","008","Albania","5911","Export quantity","S2551","Nuts and products","2000","2000","1000 t","0","I","Value imputed by a receiving agency"
"FBSH","Food Balances (-2013, old methodology and population)","008","Albania","5911","Export quantity","S2551","Nuts and products","2013","2013","1000 t","4","I","Value imputed by a receiving agency"
"FBSH","Food Balances (-2013, old methodology and population)","008","Albania","5301","Domestic supply quantity","S2551","Nuts and products","1961","1961","1000 t","5","I","Value imputed by a receiving agency"
"FBSH","Food Balances (-2013, old methodology and population)","008","Albania","5301","Domestic supply quantity","S2551","Nuts and products","1980","1980","1000 t","4","I","Value imputed by a receiving agency"
"FBSH","Food Balances (-2013, old methodology and population)","008","Albania","5301","Domestic supply quantity","S2551","Nuts and products","2000","2000","1000 t","8","I","Value imputed by a receiving agency"
"FBSH","Food Balances (-2013, old methodology and population)","008","Albania","5301","Domestic supply quantity","S2551","Nuts and products","2013","2013","1000 t","14","I","Value imputed by a receiving agency"
"FBSH","Food Balances (-2013, old methodology and population)","008","Albania","5123","Losses","S2551","Nuts and products","1961","1961","1000 t","0","I","Value imputed by a receiving agency"
"FBSH","Food Balances (-2013, old methodology and population)","008","Albania","5123","Losses","S2551","Nuts and products","1980","1980","1000 t","0","I","Value imputed by a receiving agency"
"FBSH","Food Balances (-2013, old methodology and population)","008","Albania","5123","Losses","S2551","Nuts and products","2000","2000","1000 t","0","I","Value imputed by a receiving agency"
"FBSH","Food Balances (-2013, old methodology and population)","008","Albania","5123","Losses","S2551","Nuts and products","2013","2013","1000 t","0","I","Value imputed by a receiving agency"
"FBSH","Food Balances (-2013, old methodology and population)","008","Albania","5142","Food","S2551","Nuts and products","1961","1961","1000 t","5","I","Value imputed by a receiving agency"
"FBSH","Food Balances (-2013, old methodology and population)","008","Albania","5142","Food","S2551","Nuts and products","1980","1980","1000 t","4","I","Value imputed by a receiving agency"
"FBSH","Food Balances (-2013, old methodology and population)","008","Albania","5142","Food","S2551","Nuts and products","2000","2000","1000 t","8","I","Value imputed by a receiving agency"
"FBSH","Food Balances (-2013, old methodology and population)","008","Albania","5142","Food","S2551","Nuts and products","2013","2013","1000 t","13","I","Value imputed by a receiving agency"
"FBSH","Food Balances (-2013, old methodology and population)","008","Albania","645","Food supply quantity (kg/capita/yr)","S2551","Nuts and products","1961","1961","kg/cap","3.28","E","Estimated value"
"FBSH","Food Balances (-2013, old methodology and population)","008","Albania","645","Food supply quantity (kg/capita/yr)","S2551","Nuts and products","1980","1980","kg/cap","1.37","E","Estimated value"
"FBSH","Food Balances (-2013, old methodology and population)","008","Albania","645","Food supply quantity (kg/capita/yr)","S2551","Nuts and products","2000","2000","kg/cap","2.31","E","Estimated value"
"FBSH","Food Balances (-2013, old methodology and population)","008","Albania","645","Food supply quantity (kg/capita/yr)","S2551","Nuts and products","2013","2013","kg/cap","4.21","E","Estimated value"
"FBSH","Food Balances (-2013, old methodology and population)","008","Albania","664","Food supply (kcal/capita/day)","S2551","Nuts and products","1961","1961","kcal/cap/d","23.56","E","Estimated value"
"FBSH","Food Balances (-2013, old methodology and population)","008","Albania","664","Food supply (kcal/capita/day)","S2551","Nuts and products","1980","1980","kcal/cap/d","9.84","E","Estimated value"
"FBSH","Food Balances (-2013, old methodology and population)","008","Albania","664","Food supply (kcal/capita/day)","S2551","Nuts and products","2000","2000","kcal/cap/d","12.4","E","Estimated value"
"FBSH","Food Balances (-2013, old methodology and population)","008","Albania","664","Food supply (kcal/capita/day)","S2551","Nuts and products","2013","2013","kcal/cap/d","26.87","E","Estimated value"
"FBSH","Food Balances (-2013, old methodology and population)","008","Albania","674","Protein supply quantity (g/capita/day)","S2551","Nuts and products","1961","1961","g/cap/d","0.63","E","Estimated value"
"FBSH","Food Balances (-2013, old methodology and population)","008","Albania","674","Protein supply quantity (g/capita/day)","S2551","Nuts and products","1980","1980","g/cap/d","0.26","E","Estimated value"
"FBSH","Food Balances (-2013, old methodology and population)","008","Albania","674","Protein supply quantity (g/capita/day)","S2551","Nuts and products","2000","2000","g/cap/d","0.23","E","Estimated value"
"FBSH","Food Balances (-2013, old methodology and population)","008","Albania","674","Protein supply quantity (g/capita/day)","S2551","Nuts and products","2013","2013","g/cap/d","0.61","E","Estimated value"
"FBSH","Food Balances (-2013, old methodology and population)","008","Albania","684","Fat supply quantity (g/capita/day)","S2551","Nuts and products","1961","1961","g/cap/d","2.25","E","Estimated value"
"FBSH","Food Balances (-2013, old methodology and population)","008","Albania","684","Fat supply quantity (g/capita/day)","S2551","Nuts and products","1980","1980","g/cap/d","0.94","E","Estimated value"
"FBSH","Food Balances (-2013, old methodology and population)","008","Albania","684","Fat supply quantity (g/capita/day)","S2551","Nuts and products","2000","2000","g/cap/d","0.64","E","Estimated value"
"FBSH","Food Balances (-2013, old methodology and population)","008","Albania","684","Fat supply quantity (g/capita/day)","S2551","Nuts and products","2013","2013","g/cap/d","2.07","E","Estimated value"
"FBSH","Food Balances (-2013, old methodology and population)","854","Burkina Faso","5611","Import Quantity","S2511","Wheat and products","1961","1961","1000 t","5","I","Value imputed by a receiving agency"
"FBSH","Food Balances (-2013, old methodology and population)","854","Burkina Faso","5611","Import Quantity","S2511","Wheat and products","1980","1980","1000 t","28","I","Value imputed by a receiving agency"
"FBSH","Food Balances (-2013, old methodology and population)","854","Burkina Faso","5611","Import Quantity","S2511","Wheat and products","2000","2000","1000 t","95","I","Value imputed by a receiving agency"
"FBSH","Food Balances (-2013, old methodology and population)","854","Burkina Faso","5611","Import Quantity","S2511","Wheat and products","2013","2013","1000 t","191","I","Value imputed by a receiving agency"
"FBSH","Food Balances (-2013, old methodology and population)","854","Burkina Faso","5074","Stock Variation","S2511","Wheat and products","1961","1961","1000 t","0","I","Value imputed by a receiving agency"
"FBSH","Food Balances (-2013, old methodology and population)","854","Burkina Faso","5074","Stock Variation","S2511","Wheat and products","1980","1980","1000 t","0","I","Value imputed by a receiving agency"
"FBSH","Food Balances (-2013, old methodology and population)","854","Burkina Faso","5074","Stock Variation","S2511","Wheat and products","2000","2000","1000 t","0","I","Value imputed by a receiving agency"
"FBSH","Food Balances (-2013, old methodology and population)","854","Burkina Faso","5074","Stock Variation","S2511","Wheat and products","2013","2013","1000 t","0","I","Value imputed by a receiving agency"
"FBSH","Food Balances (-2013, old methodology and population)","854","Burkina Faso","5911","Export quantity","S2511","Wheat and products","1961","1961","1000 t","0","I","Value imputed by a receiving agency"
"FBSH","Food Balances (-2013, old methodology and population)","854","Burkina Faso","5911","Export quantity","S2511","Wheat and products","1980","1980","1000 t","0","I","Value imputed by a receiving agency"
"FBSH","Food Balances (-2013, old methodology and population)","854","Burkina Faso","5911","Export quantity","S2511","Wheat and products","2000","2000","1000 t","0","I","Value imputed by a receiving agency"
"FBSH","Food Balances (-2013, old methodology and population)","854","Burkina Faso","5911","Export quantity","S2511","Wheat and products","2013","2013","1000 t","0","I","Value imputed by a receiving agency"
"FBSH","Food Balances (-2013, old methodology and population)","854","Burkina Faso","5301","Domestic supply quantity","S2511","Wheat and products","1961","1961","1000 t","5","I","Value imputed by a receiving agency"
"FBSH","Food Balances (-2013, old methodology and population)","854","Burkina Faso","5301","Domestic supply quantity","S2511","Wheat and products","1980","1980","1000 t","28","I","Value imputed by a receiving agency"
"FBSH","Food Balances (-2013, old methodology and population)","854","Burkina Faso","5301","Domestic supply quantity","S2511","Wheat and products","2000","2000","1000 t","95","I","Value imputed by a receiving agency"
"FBSH","Food Balances (-2013, old methodology and population)","854","Burkina Faso","5301","Domestic supply quantity","S2511","Wheat and products","2013","2013","1000 t","191","I","Value imputed by a receiving agency"
"FBSH","Food Balances (-2013, old methodology and population)","854","Burkina Faso","5123","Losses","S2511","Wheat and products","1961","1961","1000 t","0","I","Value imputed by a receiving agency"
"FBSH","Food Balances (-2013, old methodology and population)","854","Burkina Faso","5123","Losses","S2511","Wheat and products","1980","1980","1000 t","1","I","Value imputed by a receiving agency"
"FBSH","Food Balances (-2013, old methodology and population)","854","Burkina Faso","5123","Losses","S2511","Wheat and products","2000","2000","1000 t","2","I","Value imputed by a receiving agency"
"FBSH","Food Balances (-2013, old methodology and population)","854","Burkina Faso","5123","Losses","S2511","Wheat and products","2013","2013","1000 t","3","I","Value imputed by a receiving agency"
"FBSH","Food Balances (-2013, old methodology and population)","854","Burkina Faso","5142","Food","S2511","Wheat and products","1961","1961","1000 t","5","I","Value imputed by a receiving agency"
"FBSH","Food Balances (-2013, old methodology and population)","854","Burkina Faso","5142","Food","S2511","Wheat and products","1980","1980","1000 t","28","I","Value imputed by a receiving agency"
"FBSH","Food Balances (-2013, old methodology and population)","854","Burkina Faso","5142","Food","S2511","Wheat and products","2000","2000","1000 t","93","I","Value imputed by a receiving agency"
"FBSH","Food Balances (-2013, old methodology and population)","854","Burkina Faso","5142","Food","S2511","Wheat and products","2013","2013","1000 t","188","I","Value imputed by a receiving agency"
"FBSH","Food Balances (-2013, old methodology and population)","854","Burkina Faso","645","Food supply quantity (kg/capita/yr)","S2511","Wheat and products","1961","1961","kg/cap","1.06","E","Estimated value"
"FBSH","Food Balances (-2013, old methodology and population)","854","Burkina Faso","645","Food supply quantity (kg/capita/yr)","S2511","Wheat and products","1980","1980","kg/cap","4.07","E","Estimated value"
"FBSH","Food Balances (-2013, old methodology and population)","854","Burkina Faso","645","Food supply quantity (kg/capita/yr)","S2511","Wheat and products","2000","2000","kg/cap","7.99","E","Estimated value"
"FBSH","Food Balances (-2013, old methodology and population)","854","Burkina Faso","645","Food supply quantity (kg/capita/yr)","S2511","Wheat and products","2013","2013","kg/cap","11.1","E","Estimated value"
"FBSH","Food Balances (-2013, old methodology and population)","854","Burkina Faso","664","Food supply (kcal/capita/day)","S2511","Wheat and products","1961","1961","kcal/cap/d","7.61","E","Estimated value"
"FBSH","Food Balances (-2013, old methodology and population)","854","Burkina Faso","664","Food supply (kcal/capita/day)","S2511","Wheat and products","1980","1980","kcal/cap/d","30.1","E","Estimated value"
"FBSH","Food Balances (-2013, old methodology and population)","854","Burkina Faso","664","Food supply (kcal/capita/day)","S2511","Wheat and products","2000","2000","kcal/cap/d","59.79","E","Estimated value"
"FBSH","Food Balances (-2013, old methodology and population)","854","Burkina Faso","664","Food supply (kcal/capita/day)","S2511","Wheat and products","2013","2013","kcal/cap/d","85.08","E","Estimated value"
"FBSH","Food Balances (-2013, old methodology and population)","854","Burkina Faso","674","Protein supply quantity (g/capita/day)","S2511","Wheat and products","1961","1961","g/cap/d","0.21","E","Estimated value"
"FBSH","Food Balances (-2013, old methodology and population)","854","Burkina Faso","674","Protein supply quantity (g/capita/day)","S2511","Wheat and products","1980","1980","g/cap/d","0.86","E","Estimated value"
"FBSH","Food Balances (-2013, old methodology and population)","854","Burkina Faso","674","Protein supply quantity (g/capita/day)","S2511","Wheat and products","2000","2000","g/cap/d","1.68","E","Estimated value"
"FBSH","Food Balances (-2013, old methodology and population)","854","Burkina Faso","674","Protein supply quantity (g/capita/day)","S2511","Wheat and products","2013","2013","g/cap/d","2.35","E","Estimated value"
"FBSH","Food Balances (-2013, old methodology and population)","854","Burkina Faso","684","Fat supply quantity (g/capita/day)","S2511","Wheat and products","1961","1961","g/cap/d","0.03","E","Estimated value"
"FBSH","Food Balances (-2013, old methodology and population)","854","Burkina Faso","684","Fat supply quantity (g/capita/day)","S2511","Wheat and products","1980","1980","g/cap/d","0.1","E","Estimated value"
"FBSH","Food Balances (-2013, old methodology and population)","854","Burkina Faso","684","Fat supply quantity (g/capita/day)","S2511","Wheat and products","2000","2000","g/cap/d","0.26","E","Estimated value"
"FBSH","Food Balances (-2013, old methodology and population)","854","Burkina Faso","684","Fat supply quantity (g/capita/day)","S2511","Wheat and products","2013","2013","g/cap/d","0.49","E","Estimated value"
"FBSH","Food Balances (-2013, old methodology and population)","854","Burkina Faso","5511","Production","S2805","Rice (Milled Equivalent)","1961","1961","1000 t","20","I","Value imputed by a receiving agency"
"FBSH","Food Balances (-2013, old methodology and population)","854","Burkina Faso","5511","Production","S2805","Rice (Milled Equivalent)","1980","1980","1000 t","27","I","Value imputed by a receiving agency"
"FBSH","Food Balances (-2013, old methodology and population)","854","Burkina Faso","5511","Production","S2805","Rice (Milled Equivalent)","2000","2000","1000 t","69","I","Value imputed by a receiving agency"
"FBSH","Food Balances (-2013, old methodology and population)","854","Burkina Faso","5511","Production","S2805","Rice (Milled Equivalent)","2013","2013","1000 t","204","I","Value imputed by a receiving agency"
"FBSH","Food Balances (-2013, old methodology and population)","854","Burkina Faso","5611","Import Quantity","S2805","Rice (Milled Equivalent)","1961","1961","1000 t","4","I","Value imputed by a receiving agency"
"FBSH","Food Balances (-2013, old methodology and population)","854","Burkina Faso","5611","Import Quantity","S2805","Rice (Milled Equivalent)","1980","1980","1000 t","33","I","Value imputed by a receiving agency"
"FBSH","Food Balances (-2013, old methodology and population)","854","Burkina Faso","5611","Import Quantity","S2805","Rice (Milled Equivalent)","2000","2000","1000 t","179","I","Value imputed by a receiving agency"
"FBSH","Food Balances (-2013, old methodology and population)","854","Burkina Faso","5611","Import Quantity","S2805","Rice (Milled Equivalent)","2013","2013","1000 t","483","I","Value imputed by a receiving agency"
"FBSH","Food Balances (-2013, old methodology and population)","854","Burkina Faso","5074","Stock Variation","S2805","Rice (Milled Equivalent)","1961","1961","1000 t","0","I","Value imputed by a receiving agency"
"FBSH","Food Balances (-2013, old methodology and population)","854","Burkina Faso","5074","Stock Variation","S2805","Rice (Milled Equivalent)","1980","1980","1000 t","4","I","Value imputed by a receiving agency"
"FBSH","Food Balances (-2013, old methodology and population)","854","Burkina Faso","5074","Stock Variation","S2805","Rice (Milled Equivalent)","2000","2000","1000 t","0","I","Value imputed by a receiving agency"
"FBSH","Food Balances (-2013, old methodology and population)","854","Burkina Faso","5074","Stock Variation","S2805","Rice (Milled Equivalent)","2013","2013","1000 t","-249","I","Value imputed by a receiving agency"
"FBSH","Food Balances (-2013, old methodology and population)","854","Burkina Faso","5911","Export quantity","S2805","Rice (Milled Equivalent)","1961","1961","1000 t","0","I","Value imputed by a receiving agency"
"FBSH","Food Balances (-2013, old methodology and population)","854","Burkina Faso","5911","Export quantity","S2805","Rice (Milled Equivalent)","1980","1980","1000 t","0","I","Value imputed by a receiving agency"
"FBSH","Food Balances (-2013, old methodology and population)","854","Burkina Faso","5911","Export quantity","S2805","Rice (Milled Equivalent)","2000","2000","1000 t","0","I","Value imputed by a receiving agency"
"FBSH","Food Balances (-2013, old methodology and population)","854","Burkina Faso","5911","Export quantity","S2805","Rice (Milled Equivalent)","2013","2013","1000 t","3","I","Value imputed by a receiving agency"
"FBSH","Food Balances (-2013, old methodology and population)","854","Burkina Faso","5301","Domestic supply quantity","S2805","Rice (Milled Equivalent)","1961","1961","1000 t","24","I","Value imputed by a receiving agency"
"FBSH","Food Balances (-2013, old methodology and population)","854","Burkina Faso","5301","Domestic supply quantity","S2805","Rice (Milled Equivalent)","1980","1980","1000 t","63","I","Value imputed by a receiving agency"
"FBSH","Food Balances (-2013, old methodology and population)","854","Burkina Faso","5301","Domestic supply quantity","S2805","Rice (Milled Equivalent)","2000","2000","1000 t","247","I","Value imputed by a receiving agency"
"FBSH","Food Balances (-2013, old methodology and population)","854","Burkina Faso","5301","Domestic supply quantity","S2805","Rice (Milled Equivalent)","2013","2013","1000 t","434","I","Value imputed by a receiving agency"
"FBSH","Food Balances (-2013, old methodology and population)","854","Burkina Faso","5521","Feed","S2805","Rice (Milled Equivalent)","1961","1961","1000 t","0","I","Value imputed by a receiving agency"
"FBSH","Food Balances (-2013, old methodology and population)","854","Burkina Faso","5521","Feed","S2805","Rice (Milled Equivalent)","1980","1980","1000 t","0","I","Value imputed by a receiving agency"
"FBSH","Food Balances (-2013, old methodology and population)","854","Burkina Faso","5521","Feed","S2805","Rice (Milled Equivalent)","2000","2000","1000 t","0","I","Value imputed by a receiving agency"
"FBSH","Food Balances (-2013, old methodology and population)","854","Burkina Faso","5521","Feed","S2805","Rice (Milled Equivalent)","2013","2013","1000 t","34","I","Value imputed by a receiving agency"
"FBSH","Food Balances (-2013, old methodology and population)","854","Burkina Faso","5527","Seed","S2805","Rice (Milled Equivalent)","1961","1961","1000 t","2","I","Value imputed by a receiving agency"
"FBSH","Food Balances (-2013, old methodology and population)","854","Burkina Faso","5527","Seed","S2805","Rice (Milled Equivalent)","1980","1980","1000 t","1","I","Value imputed by a receiving agency"
"FBSH","Food Balances (-2013, old methodology and population)","854","Burkina Faso","5527","Seed","S2805","Rice (Milled Equivalent)","2000","2000","1000 t","2","I","Value imputed by a receiving agency"
"FBSH","Food Balances (-2013, old methodology and population)","854","Burkina Faso","5527","Seed","S2805","Rice (Milled Equivalent)","2013","2013","1000 t","5","I","Value imputed by a receiving agency"
"FBSH","Food Balances (-2013, old methodology and population)","854","Burkina Faso","5123","Losses","S2805","Rice (Milled Equivalent)","1961","1961","1000 t","1","I","Value imputed by a receiving agency"
"FBSH","Food Balances (-2013, old methodology and population)","854","Burkina Faso","5123","Losses","S2805","Rice (Milled Equivalent)","1980","1980","1000 t","2","I","Value imputed by a receiving agency"
"FBSH","Food Balances (-2013, old methodology and population)","854","Burkina Faso","5123","Losses","S2805","Rice (Milled Equivalent)","2000","2000","1000 t","7","I","Value imputed by a receiving agency"
"FBSH","Food Balances (-2013, old methodology and population)","854","Burkina Faso","5123","Losses","S2805","Rice (Milled Equivalent)","2013","2013","1000 t","28","I","Value imputed by a receiving agency"
"FBSH","Food Balances (-2013, old methodology and population)","854","Burkina Faso","5131","Processing","S2805","Rice (Milled Equivalent)","1961","1961","1000 t","0","I","Value imputed by a receiving agency"
"FBSH","Food Balances (-2013, old methodology and population)","854","Burkina Faso","5131","Processing","S2805","Rice (Milled Equivalent)","1980","1980","1000 t","3","I","Value imputed by a receiving agency"
"FBSH","Food Balances (-2013, old methodology and population)","854","Burkina Faso","5131","Processing","S2805","Rice (Milled Equivalent)","2000","2000","1000 t","0","I","Value imputed by a receiving agency"
"FBSH","Food Balances (-2013, old methodology and population)","854","Burkina Faso","5131","Processing","S2805","Rice (Milled Equivalent)","2013","2013","1000 t","4","I","Value imputed by a receiving agency"
"FBSH","Food Balances (-2013, old methodology and population)","854","Burkina Faso","5154","Other uses (non-food)","S2805","Rice (Milled Equivalent)","1961","1961","1000 t","0","I","Value imputed by a receiving agency"
"FBSH","Food Balances (-2013, old methodology and population)","854","Burkina Faso","5154","Other uses (non-food)","S2805","Rice (Milled Equivalent)","1980","1980","1000 t","0","I","Value imputed by a receiving agency"
"FBSH","Food Balances (-2013, old methodology and population)","854","Burkina Faso","5154","Other uses (non-food)","S2805","Rice (Milled Equivalent)","2000","2000","1000 t","0","I","Value imputed by a receiving agency"
"FBSH","Food Balances (-2013, old methodology and population)","854","Burkina Faso","5154","Other uses (non-food)","S2805","Rice (Milled Equivalent)","2013","2013","1000 t","0","I","Value imputed by a receiving agency"
"FBSH","Food Balances (-2013, old methodology and population)","854","Burkina Faso","5142","Food","S2805","Rice (Milled Equivalent)","1961","1961","1000 t","20","I","Value imputed by a receiving agency"
"FBSH","Food Balances (-2013, old methodology and population)","854","Burkina Faso","5142","Food","S2805","Rice (Milled Equivalent)","1980","1980","1000 t","57","I","Value imputed by a receiving agency"
"FBSH","Food Balances (-2013, old methodology and population)","854","Burkina Faso","5142","Food","S2805","Rice (Milled Equivalent)","2000","2000","1000 t","239","I","Value imputed by a receiving agency"
"FBSH","Food Balances (-2013, old methodology and population)","854","Burkina Faso","5142","Food","S2805","Rice (Milled Equivalent)","2013","2013","1000 t","363","I","Value imputed by a receiving agency"
"FBSH","Food Balances (-2013, old methodology and population)","854","Burkina Faso","645","Food supply quantity (kg/capita/yr)","S2805","Rice (Milled Equivalent)","1961","1961","kg/cap","4.18","E","Estimated value"
"FBSH","Food Balances (-2013, old methodology and population)","854","Burkina Faso","645","Food supply quantity (kg/capita/yr)","S2805","Rice (Milled Equivalent)","1980","1980","kg/cap","8.39","E","Estimated value"
"FBSH","Food Balances (-2013, old methodology and population)","854","Burkina Faso","645","Food supply quantity (kg/capita/yr)","S2805","Rice (Milled Equivalent)","2000","2000","kg/cap","20.55","E","Estimated value"
"FBSH","Food Balances (-2013, old methodology and population)","854","Burkina Faso","645","Food supply quantity (kg/capita/yr)","S2805","Rice (Milled Equivalent)","2013","2013","kg/cap","21.43","E","Estimated value"
"FBSH","Food Balances (-2013, old methodology and population)","854","Burkina Faso","664","Food supply (kcal/capita/day)","S2805","Rice (Milled Equivalent)","1961","1961","kcal/cap/d","43.2","E","Estimated value"
"FBSH","Food Balances (-2013, old methodology and population)","854","Burkina Faso","664","Food supply (kcal/capita/day)","S2805","Rice (Milled Equivalent)","1980","1980","kcal/cap/d","81.51","E","Estimated value"
"FBSH","Food Balances (-2013, old methodology and population)","854","Burkina Faso","664","Food supply (kcal/capita/day)","S2805","Rice (Milled Equivalent)","2000","2000","kcal/cap/d","196.42","E","Estimated value"
"FBSH","Food Balances (-2013, old methodology and population)","854","Burkina Faso","664","Food supply (kcal/capita/day)","S2805","Rice (Milled Equivalent)","2013","2013","kcal/cap/d","206.57","E","Estimated value"
"FBSH","Food Balances (-2013, old methodology and population)","854","Burkina Faso","674","Protein supply quantity (g/capita/day)","S2805","Rice (Milled Equivalent)","1961","1961","g/cap/d","0.81","E","Estimated value"
"FBSH","Food Balances (-2013, old methodology and population)","854","Burkina Faso","674","Protein supply quantity (g/capita/day)","S2805","Rice (Milled Equivalent)","1980","1980","g/cap/d","1.53","E","Estimated value"
"FBSH","Food Balances (-2013, old methodology and population)","854","Burkina Faso","674","Protein supply quantity (g/capita/day)","S2805","Rice (Milled Equivalent)","2000","2000","g/cap/d","3.71","E","Estimated value"
"FBSH","Food Balances (-2013, old methodology and population)","854","Burkina Faso","674","Protein supply quantity (g/capita/day)","S2805","Rice (Milled Equivalent)","2013","2013","g/cap/d","3.92","E","Estimated value"
"FBSH","Food Balances (-2013, old methodology and population)","854","Burkina Faso","684","Fat supply quantity (g/capita/day)","S2805","Rice (Milled Equivalent)","1961","1961","g/cap/d","0.06","E","Estimated value"
"FBSH","Food Balances (-2013, old methodology and population)","854","Burkina Faso","684","Fat supply quantity (g/capita/day)","S2805","Rice (Milled Equivalent)","1980","1980","g/cap/d","0.13","E","Estimated value"
"FBSH","Food Balances (-2013, old methodology and population)","854","Burkina Faso","684","Fat supply quantity (g/capita/day)","S2805","Rice (Milled Equivalent)","2000","2000","g/cap/d","0.31","E","Estimated value"
"FBSH","Food Balances (-2013, old methodology and population)","854","Burkina Faso","684","Fat supply quantity (g/capita/day)","S2805","Rice (Milled Equivalent)","2013","2013","g/cap/d","0.3","E","Estimated value"
"FBSH","Food Balances (-2013, old methodology and population)","854","Burkina Faso","5511","Production","S2531","Potatoes and products","1961","1961","1000 t","0","I","Value imputed by a receiving agency"
"FBSH","Food Balances (-2013, old methodology and population)","854","Burkina Faso","5511","Production","S2531","Potatoes and products","1980","1980","1000 t","0","I","Value imputed by a receiving agency"
"FBSH","Food Balances (-2013, old methodology and population)","854","Burkina Faso","5511","Production","S2531","Potatoes and products","2000","2000","1000 t","3","I","Value imputed by a receiving agency"
"FBSH","Food Balances (-2013, old methodology and population)","854","Burkina Faso","5511","Production","S2531","Potatoes and products","2013","2013","1000 t","2","I","Value imputed by a receiving agency"
"FBSH","Food Balances (-2013, old methodology and population)","854","Burkina Faso","5611","Import Quantity","S2531","Potatoes and products","1961","1961","1000 t","0","I","Value imputed by a receiving agency"
"FBSH","Food Balances (-2013, old methodology and population)","854","Burkina Faso","5611","Import Quantity","S2531","Potatoes and products","1980","1980","1000 t","0","I","Value imputed by a receiving agency"
"FBSH","Food Balances (-2013, old methodology and population)","854","Burkina Faso","5611","Import Quantity","S2531","Potatoes and products","2000","2000","1000 t","1","I","Value imputed by a receiving agency"
"FBSH","Food Balances (-2013, old methodology and population)","854","Burkina Faso","5611","Import Quantity","S2531","Potatoes and products","2013","2013","1000 t","4","I","Value imputed by a receiving agency"
"FBSH","Food Balances (-2013, old methodology and population)","854","Burkina Faso","5074","Stock Variation","S2531","Potatoes and products","1961","1961","1000 t","0","I","Value imputed by a receiving agency"
"FBSH","Food Balances (-2013, old methodology and population)","854","Burkina Faso","5074","Stock Variation","S2531","Potatoes and products","1980","1980","1000 t","0","I","Value imputed by a receiving agency"
"FBSH","Food Balances (-2013, old methodology and population)","854","Burkina Faso","5074","Stock Variation","S2531","Potatoes and products","2000","2000","1000 t","0","I","Value imputed by a receiving agency"
"FBSH","Food Balances (-2013, old methodology and population)","854","Burkina Faso","5074","Stock Variation","S2531","Potatoes and products","2013","2013","1000 t","0","I","Value imputed by a receiving agency"
"FBSH","Food Balances (-2013, old methodology and population)","854","Burkina Faso","5911","Export quantity","S2531","Potatoes and products","1961","1961","1000 t","0","I","Value imputed by a receiving agency"
"FBSH","Food Balances (-2013, old methodology and population)","854","Burkina Faso","5911","Export quantity","S2531","Potatoes and products","1980","1980","1000 t","0","I","Value imputed by a receiving agency"
"FBSH","Food Balances (-2013, old methodology and population)","854","Burkina Faso","5911","Export quantity","S2531","Potatoes and products","2000","2000","1000 t","0","I","Value imputed by a receiving agency"
"FBSH","Food Balances (-2013, old methodology and population)","854","Burkina Faso","5911","Export quantity","S2531","Potatoes and products","2013","2013","1000 t","0","I","Value imputed by a receiving agency"
"FBSH","Food Balances (-2013, old methodology and population)","854","Burkina Faso","5301","Domestic supply quantity","S2531","Potatoes and products","1961","1961","1000 t","0","I","Value imputed by a receiving agency"
"FBSH","Food Balances (-2013, old methodology and population)","854","Burkina Faso","5301","Domestic supply quantity","S2531","Potatoes and products","1980","1980","1000 t","0","I","Value imputed by a receiving agency"
"FBSH","Food Balances (-2013, old methodology and population)","854","Burkina Faso","5301","Domestic supply quantity","S2531","Potatoes and products","2000","2000","1000 t","4","I","Value imputed by a receiving agency"
"FBSH","Food Balances (-2013, old methodology and population)","854","Burkina Faso","5301","Domestic supply quantity","S2531","Potatoes and products","2013","2013","1000 t","6","I","Value imputed by a receiving agency"
"FBSH","Food Balances (-2013, old methodology and population)","854","Burkina Faso","5527","Seed","S2531","Potatoes and products","1961","1961","1000 t","0","I","Value imputed by a receiving agency"
"FBSH","Food Balances (-2013, old methodology and population)","854","Burkina Faso","5527","Seed","S2531","Potatoes and products","1980","1980","1000 t","0","I","Value imputed by a receiving agency"
"FBSH","Food Balances (-2013, old methodology and population)","854","Burkina Faso","5527","Seed","S2531","Potatoes and products","2000","2000","1000 t","0","I","Value imputed by a receiving agency"
"FBSH","Food Balances (-2013, old methodology and population)","854","Burkina Faso","5527","Seed","S2531","Potatoes and products","2013","2013","1000 t","1","I","Value imputed by a receiving agency"
"FBSH","Food Balances (-2013, old methodology and population)","854","Burkina Faso","5123","Losses","S2531","Potatoes and products","1961","1961","1000 t","0","I","Value imputed by a receiving agency"
"FBSH","Food Balances (-2013, old methodology and population)","854","Burkina Faso","5123","Losses","S2531","Potatoes and products","1980","1980","1000 t","0","I","Value imputed by a receiving agency"
"FBSH","Food Balances (-2013, old methodology and population)","854","Burkina Faso","5123","Losses","S2531","Potatoes and products","2000","2000","1000 t","0","I","Value imputed by a receiving agency"
"FBSH","Food Balances (-2013, old methodology and population)","854","Burkina Faso","5123","Losses","S2531","Potatoes and products","2013","2013","1000 t","0","I","Value imputed by a receiving agency"
"FBSH","Food Balances (-2013, old methodology and population)","854","Burkina Faso","5154","Other uses (non-food)","S2531","Potatoes and products","1961","1961","1000 t","0","I","Value imputed by a receiving agency"
"FBSH","Food Balances (-2013, old methodology and population)","854","Burkina Faso","5154","Other uses (non-food)","S2531","Potatoes and products","1980","1980","1000 t","0","I","Value imputed by a receiving agency"
"FBSH","Food Balances (-2013, old methodology and population)","854","Burkina Faso","5154","Other uses (non-food)","S2531","Potatoes and products","2000","2000","1000 t","0","I","Value imputed by a receiving agency"
"FBSH","Food Balances (-2013, old methodology and population)","854","Burkina Faso","5154","Other uses (non-food)","S2531","Potatoes and products","2013","2013","1000 t","0","I","Value imputed by a receiving agency"
"FBSH","Food Balances (-2013, old methodology and population)","854","Burkina Faso","5142","Food","S2531","Potatoes and products","1961","1961","1000 t","0","I","Value imputed by a receiving agency"
"FBSH","Food Balances (-2013, old methodology and population)","854","Burkina Faso","5142","Food","S2531","Potatoes and products","1980","1980","1000 t","0","I","Value imputed by a receiving agency"
"FBSH","Food Balances (-2013, old methodology and population)","854","Burkina Faso","5142","Food","S2531","Potatoes and products","2000","2000","1000 t","4","I","Value imputed by a receiving agency"
"FBSH","Food Balances (-2013, old methodology and population)","854","Burkina Faso","5142","Food","S2531","Potatoes and products","2013","2013","1000 t","5","I","Value imputed by a receiving agency"
"FBSH","Food Balances (-2013, old methodology and population)","854","Burkina Faso","645","Food supply quantity (kg/capita/yr)","S2531","Potatoes and products","1961","1961","kg/cap","0.04","E","Estimated value"
"FBSH","Food Balances (-2013, old methodology and population)","854","Burkina Faso","645","Food supply quantity (kg/capita/yr)","S2531","Potatoes and products","1980","1980","kg/cap","0.05","E","Estimated value"
"FBSH","Food Balances (-2013, old methodology and population)","854","Burkina Faso","645","Food supply quantity (kg/capita/yr)","S2531","Potatoes and products","2000","2000","kg/cap","0.32","E","Estimated value"
"FBSH","Food Balances (-2013, old methodology and population)","854","Burkina Faso","645","Food supply quantity (kg/capita/yr)","S2531","Potatoes and products","2013","2013","kg/cap","0.27","E","Estimated value"
"FBSH","Food Balances (-2013, old methodology and population)","854","Burkina Faso","664","Food supply (kcal/capita/day)","S2531","Potatoes and products","1961","1961","kcal/cap/d","0.08","E","Estimated value"
"FBSH","Food Balances (-2013, old methodology and population)","854","Burkina Faso","664","Food supply (kcal/capita/day)","S2531","Potatoes and products","1980","1980","kcal/cap/d","0.1","E","Estimated value"
"FBSH","Food Balances (-2013, old methodology and population)","854","Burkina Faso","664","Food supply (kcal/capita/day)","S2531","Potatoes and products","2000","2000","kcal/cap/d","0.62","E","Estimated value"
"FBSH","Food Balances (-2013, old methodology and population)","854","Burkina Faso","664","Food supply (kcal/capita/day)","S2531","Potatoes and products","2013","2013","kcal/cap/d","0.53","E","Estimated value"
"FBSH","Food Balances (-2013, old methodology and population)","854","Burkina Faso","674","Protein supply quantity (g/capita/day)","S2531","Potatoes and products","1961","1961","g/cap/d","0","E","Estimated value"
"FBSH","Food Balances (-2013, old methodology and population)","854","Burkina Faso","674","Protein supply quantity (g/capita/day)","S2531","Potatoes and products","1980","1980","g/cap/d","0","E","Estimated value"
"FBSH","Food Balances (-2013, old methodology and population)","854","Burkina Faso","674","Protein supply quantity (g/capita/day)","S2531","Potatoes and products","2000","2000","g/cap/d","0.01","E","Estimated value"
"FBSH","Food Balances (-2013, old methodology and population)","854","Burkina Faso","674","Protein supply quantity (g/capita/day)","S2531","Potatoes and products","2013","2013","g/cap/d","0.01","E","Estimated value"
"FBSH","Food Balances (-2013, old methodology and population)","854","Burkina Faso","684","Fat supply quantity (g/capita/day)","S2531","Potatoes and products","1961","1961","g/cap/d","0","E","Estimated value"
"FBSH","Food Balances (-2013, old methodology and population)","854","Burkina Faso","684","Fat supply quantity (g/capita/day)","S2531","Potatoes and products","1980","1980","g/cap/d","0","E","Estimated value"
"FBSH","Food Balances (-2013, old methodology and population)","854","Burkina Faso","684","Fat supply quantity (g/capita/day)","S2531","Potatoes and products","2000","2000","g/cap/d","0","E","Estimated value"
"FBSH","Food Balances (-2013, old methodology and population)","854","Burkina Faso","684","Fat supply quantity (g/capita/day)","S2531","Potatoes and products","2013","2013","g/cap/d","0","E","Estimated value"
"FBSH","Food Balances (-2013, old methodology and population)","854","Burkina Faso","5611","Import Quantity","S2745","Honey","1961","1961","1000 t","0","I","Value imputed by a receiving agency"
"FBSH","Food Balances (-2013, old methodology and population)","854","Burkina Faso","5611","Import Quantity","S2745","Honey","1980","1980","1000 t","0","I","Value imputed by a receiving agency"
"FBSH","Food Balances (-2013, old methodology and population)","854","Burkina Faso","5611","Import Quantity","S2745","Honey","2000","2000","1000 t","0","I","Value imputed by a receiving agency"
"FBSH","Food Balances (-2013, old methodology and population)","854","Burkina Faso","5611","Import Quantity","S2745","Honey","2013","2013","1000 t","0","I","Value imputed by a receiving agency"
"FBSH","Food Balances (-2013, old methodology and population)","854","Burkina Faso","5301","Domestic supply quantity","S2745","Honey","1961","1961","1000 t","0","I","Value imputed by a receiving agency"
"FBSH","Food Balances (-2013, old methodology and population)","854","Burkina Faso","5301","Domestic supply quantity","S2745","Honey","1980","1980","1000 t","0","I","Value imputed by a receiving agency"
"FBSH","Food Balances (-2013, old methodology and population)","854","Burkina Faso","5301","Domestic supply quantity","S2745","Honey","2000","2000","1000 t","0","I","Value imputed by a receiving agency"
"FBSH","Food Balances (-2013, old methodology and population)","854","Burkina Faso","5301","Domestic supply quantity","S2745","Honey","2013","2013","1000 t","0","I","Value imputed by a receiving agency"
"FBSH","Food Balances (-2013, old methodology and population)","854","Burkina Faso","5142","Food","S2745","Honey","1961","1961","1000 t","0","I","Value imputed by a receiving agency"
"FBSH","Food Balances (-2013, old methodology and population)","854","Burkina Faso","5142","Food","S2745","Honey","1980","1980","1000 t","0","I","Value imputed by a receiving agency"
"FBSH","Food Balances (-2013, old methodology and population)","854","Burkina Faso","5142","Food","S2745","Honey","2000","2000","1000 t","0","I","Value imputed by a receiving agency"
"FBSH","Food Balances (-2013, old methodology and population)","854","Burkina Faso","5142","Food","S2745","Honey","2013","2013","1000 t","0","I","Value imputed by a receiving agency"
"FBSH","Food Balances (-2013, old methodology and population)","854","Burkina Faso","645","Food supply quantity (kg/capita/yr)","S2745","Honey","1961","1961","kg/cap","0","E","Estimated value"
"FBSH","Food Balances (-2013, old methodology and population)","854","Burkina Faso","645","Food supply quantity (kg/capita/yr)","S2745","Honey","1980","1980","kg/cap","0","E","Estimated value"
"FBSH","Food Balances (-2013, old methodology and population)","854","Burkina Faso","645","Food supply quantity (kg/capita/yr)","S2745","Honey","2000","2000","kg/cap","0","E","Estimated value"
"FBSH","Food Balances (-2013, old methodology and population)","854","Burkina Faso","645","Food supply quantity (kg/capita/yr)","S2745","Honey","2013","2013","kg/cap","0","E","Estimated value"
"FBSH","Food Balances (-2013, old methodology and population)","854","Burkina Faso","664","Food supply (kcal/capita/day)","S2745","Honey","1961","1961","kcal/cap/d","0","E","Estimated value"
"FBSH","Food Balances (-2013, old methodology and population)","854","Burkina Faso","664","Food supply (kcal/capita/day)","S2745","Honey","1980","1980","kcal/cap/d","0","E","Estimated value"
"FBSH","Food Balances (-2013, old methodology and population)","854","Burkina Faso","664","Food supply (kcal/capita/day)","S2745","Honey","2000","2000","kcal/cap/d","0","E","Estimated value"
"FBSH","Food Balances (-2013, old methodology and population)","854","Burkina Faso","664","Food supply (kcal/capita/day)","S2745","Honey","2013","2013","kcal/cap/d","0","E","Estimated value"
"FBSH","Food Balances (-2013, old methodology and population)","854","Burkina Faso","5611","Import Quantity","S2546","Beans","1961","1961","1000 t","0","I","Value imputed by a receiving agency"
"FBSH","Food Balances (-2013, old methodology and population)","854","Burkina Faso","5611","Import Quantity","S2546","Beans","1980","1980","1000 t","0","I","Value imputed by a receiving agency"
"FBSH","Food Balances (-2013, old methodology and population)","854","Burkina Faso","5611","Import Quantity","S2546","Beans","2000","2000","1000 t","6","I","Value imputed by a receiving agency"
"FBSH","Food Balances (-2013, old methodology and population)","854","Burkina Faso","5611","Import Quantity","S2546","Beans","2013","2013","1000 t","0","I","Value imputed by a receiving agency"
"FBSH","Food Balances (-2013, old methodology and population)","854","Burkina Faso","5074","Stock Variation","S2546","Beans","1961","1961","1000 t","0","I","Value imputed by a receiving agency"
"FBSH","Food Balances (-2013, old methodology and population)","854","Burkina Faso","5074","Stock Variation","S2546","Beans","1980","1980","1000 t","0","I","Value imputed by a receiving agency"
"FBSH","Food Balances (-2013, old methodology and population)","854","Burkina Faso","5074","Stock Variation","S2546","Beans","2000","2000","1000 t","0","I","Value imputed by a receiving agency"
"FBSH","Food Balances (-2013, old methodology and population)","854","Burkina Faso","5074","Stock Variation","S2546","Beans","2013","2013","1000 t","0","I","Value imputed by a receiving agency"
"FBSH","Food Balances (-2013, old methodology and population)","854","Burkina Faso","5911","Export quantity","S2546","Beans","1961","1961","1000 t","0","I","Value imputed by a receiving agency"
"FBSH","Food Balances (-2013, old methodology and population)","854","Burkina Faso","5911","Export quantity","S2546","Beans","1980","1980","1000 t","0","I","Value imputed by a receiving agency"
"FBSH","Food Balances (-2013, old methodology and population)","854","Burkina Faso","5911","Export quantity","S2546","Beans","2000","2000","1000 t","1","I","Value imputed by a receiving agency"
"FBSH","Food Balances (-2013, old methodology and population)","854","Burkina Faso","5911","Export quantity","S2546","Beans","2013","2013","1000 t","30","I","Value imputed by a receiving agency"
"FBSH","Food Balances (-2013, old methodology and population)","854","Burkina Faso","5301","Domestic supply quantity","S2546","Beans","1961","1961","1000 t","0","I","Value imputed by a receiving agency"
"FBSH","Food Balances (-2013, old methodology and population)","854","Burkina Faso","5301","Domestic supply quantity","S2546","Beans","1980","1980","1000 t","0","I","Value imputed by a receiving agency"
"FBSH","Food Balances (-2013, old methodology and population)","854","Burkina Faso","5301","Domestic supply quantity","S2546","Beans","2000","2000","1000 t","5","I","Value imputed by a receiving agency"
"FBSH","Food Balances (-2013, old methodology and population)","854","Burkina Faso","5301","Domestic supply quantity","S2546","Beans","2013","2013","1000 t","-30","I","Value imputed by a receiving agency"
"FBSH","Food Balances (-2013, old methodology and population)","854","Burkina Faso","5142","Food","S2546","Beans","1961","1961","1000 t","0","I","Value imputed by a receiving agency"
"FBSH","Food Balances (-2013, old methodology and population)","854","Burkina Faso","5142","Food","S2546","Beans","1980","1980","1000 t","0","I","Value imputed by a receiving agency"
"FBSH","Food Balances (-2013, old methodology and population)","854","Burkina Faso","5142","Food","S2546","Beans","2000","2000","1000 t","5","I","Value imputed by a receiving agency"
"FBSH","Food Balances (-2013, old methodology and population)","854","Burkina Faso","5142","Food","S2546","Beans","2013","2013","1000 t","0","I","Value imputed by a receiving agency"
"FBSH","Food Balances (-2013, old methodology and population)","854","Burkina Faso","645","Food supply quantity (kg/capita/yr)","S2546","Beans","1961","1961","kg/cap","0","E","Estimated value"
"FBSH","Food Balances (-2013, old methodology and population)","854","Burkina Faso","645","Food supply quantity (kg/capita/yr)","S2546","Beans","1980","1980","kg/cap","0","E","Estimated value"
"FBSH","Food Balances (-2013, old methodology and population)","854","Burkina Faso","645","Food supply quantity (kg/capita/yr)","S2546","Beans","2000","2000","kg/cap","0.42","E","Estimated value"
"FBSH","Food Balances (-2013, old methodology and population)","854","Burkina Faso","645","Food supply quantity (kg/capita/yr)","S2546","Beans","2013","2013","kg/cap","0","E","Estimated value"
"FBSH","Food Balances (-2013, old methodology and population)","854","Burkina Faso","664","Food supply (kcal/capita/day)","S2546","Beans","1961","1961","kcal/cap/d","0","E","Estimated value"
"FBSH","Food Balances (-2013, old methodology and population)","854","Burkina Faso","664","Food supply (kcal/capita/day)","S2546","Beans","1980","1980","kcal/cap/d","0","E","Estimated value"
"FBSH","Food Balances (-2013, old methodology and population)","854","Burkina Faso","664","Food supply (kcal/capita/day)","S2546","Beans","2000","2000","kcal/cap/d","3.91","E","Estimated value"
"FBSH","Food Balances (-2013, old methodology and population)","854","Burkina Faso","664","Food supply (kcal/capita/day)","S2546","Beans","2013","2013","kcal/cap/d","0","E","Estimated value"
"FBSH","Food Balances (-2013, old methodology and population)","854","Burkina Faso","674","Protein supply quantity (g/capita/day)","S2546","Beans","1961","1961","g/cap/d","0","E","Estimated value"
"FBSH","Food Balances (-2013, old methodology and population)","854","Burkina Faso","674","Protein supply quantity (g/capita/day)","S2546","Beans","1980","1980","g/cap/d","0","E","Estimated value"
"FBSH","Food Balances (-2013, old methodology and population)","854","Burkina Faso","674","Protein supply quantity (g/capita/day)","S2546","Beans","2000","2000","g/cap/d","0.25","E","Estimated value"
"FBSH","Food Balances (-2013, old methodology and population)","854","Burkina Faso","674","Protein supply quantity (g/capita/day)","S2546","Beans","2013","2013","g/cap/d","0","E","Estimated value"
"FBSH","Food Balances (-2013, old methodology and population)","854","Burkina Faso","684","Fat supply quantity (g/capita/day)","S2546","Beans","1961","1961","g/cap/d","0","E","Estimated value"
"FBSH","Food Balances (-2013, old methodology and population)","854","Burkina Faso","684","Fat supply quantity (g/capita/day)","S2546","Beans","1980","1980","g/cap/d","0","E","Estimated value"
"FBSH","Food Balances (-2013, old methodology and population)","854","Burkina Faso","684","Fat supply quantity (g/capita/day)","S2546","Beans","2000","2000","g/cap/d","0.02","E","Estimated value"
"FBSH","Food Balances (-2013, old methodology and population)","854","Burkina Faso","684","Fat supply quantity (g/capita/day)","S2546","Beans","2013","2013","g/cap/d","0","E","Estimated value"
"FBSH","Food Balances (-2013, old methodology and population)","854","Burkina Faso","5511","Production","S2551","Nuts and products","1961","1961","1000 t","0","I","Value imputed by a receiving agency"
"FBSH","Food Balances (-2013, old methodology and population)","854","Burkina Faso","5511","Production","S2551","Nuts and products","1980","1980","1000 t","0","I","Value imputed by a receiving agency"
"FBSH","Food Balances (-2013, old methodology and population)","854","Burkina Faso","5511","Production","S2551","Nuts and products","2000","2000","1000 t","5","I","Value imputed by a receiving agency"
"FBSH","Food Balances (-2013, old methodology and population)","854","Burkina Faso","5511","Production","S2551","Nuts and products","2013","2013","1000 t","116","I","Value imputed by a receiving agency"
"FBSH","Food Balances (-2013, old methodology and population)","854","Burkina Faso","5611","Import Quantity","S2551","Nuts and products","1961","1961","1000 t","12","I","Value imputed by a receiving agency"
"FBSH","Food Balances (-2013, old methodology and population)","854","Burkina Faso","5611","Import Quantity","S2551","Nuts and products","1980","1980","1000 t","13","I","Value imputed by a receiving agency"
"FBSH","Food Balances (-2013, old methodology and population)","854","Burkina Faso","5611","Import Quantity","S2551","Nuts and products","2000","2000","1000 t","18","I","Value imputed by a receiving agency"
"FBSH","Food Balances (-2013, old methodology and population)","854","Burkina Faso","5611","Import Quantity","S2551","Nuts and products","2013","2013","1000 t","17","I","Value imputed by a receiving agency"
"FBSH","Food Balances (-2013, old methodology and population)","854","Burkina Faso","5074","Stock Variation","S2551","Nuts and products","1961","1961","1000 t","0","I","Value imputed by a receiving agency"
"FBSH","Food Balances (-2013, old methodology and population)","854","Burkina Faso","5074","Stock Variation","S2551","Nuts and products","1980","1980","1000 t","0","I","Value imputed by a receiving agency"
"FBSH","Food Balances (-2013, old methodology and population)","854","Burkina Faso","5074","Stock Variation","S2551","Nuts and products","2000","2000","1000 t","1","I","Value imputed by a receiving agency"
"FBSH","Food Balances (-2013, old methodology and population)","854","Burkina Faso","5074","Stock Variation","S2551","Nuts and products","2013","2013","1000 t","0","I","Value imputed by a receiving agency"
"FBSH","Food Balances (-2013, old methodology and population)","854","Burkina Faso","5911","Export quantity","S2551","Nuts and products","1961","1961","1000 t","0","I","Value imputed by a receiving agency"
"FBSH","Food Balances (-2013, old methodology and population)","854","Burkina Faso","5911","Export quantity","S2551","Nuts and products","1980","1980","1000 t","0","I","Value imputed by a receiving agency"
"FBSH","Food Balances (-2013, old methodology and population)","854","Burkina Faso","5911","Export quantity","S2551","Nuts and products","2000","2000","1000 t","4","I","Value imputed by a receiving agency"
"FBSH","Food Balances (-2013, old methodology and population)","854","Burkina Faso","5911","Export quantity","S2551","Nuts and products","2013","2013","1000 t","111","I","Value imputed by a receiving agency"
"FBSH","Food Balances (-2013, old methodology and population)","854","Burkina Faso","5301","Domestic supply quantity","S2551","Nuts and products","1961","1961","1000 t","12","I","Value imputed by a receiving agency"
"FBSH","Food Balances (-2013, old methodology and population)","854","Burkina Faso","5301","Domestic supply quantity","S2551","Nuts and products","1980","1980","1000 t","13","I","Value imputed by a receiving agency"
"FBSH","Food Balances (-2013, old methodology and population)","854","Burkina Faso","5301","Domestic supply quantity","S2551","Nuts and products","2000","2000","1000 t","19","I","Value imputed by a receiving agency"
"FBSH","Food Balances (-2013, old methodology and population)","854","Burkina Faso","5301","Domestic supply quantity","S2551","Nuts and products","2013","2013","1000 t","22","I","Value imputed by a receiving agency"
"FBSH","Food Balances (-2013, old methodology and population)","854","Burkina Faso","5123","Losses","S2551","Nuts and products","1961","1961","1000 t","1","I","Value imputed by a receiving agency"
"FBSH","Food Balances (-2013, old methodology and population)","854","Burkina Faso","5123","Losses","S2551","Nuts and products","1980","1980","1000 t","1","I","Value imputed by a receiving agency"
"FBSH","Food Balances (-2013, old methodology and population)","854","Burkina Faso","5123","Losses","S2551","Nuts and products","2000","2000","1000 t","1","I","Value imputed by a receiving agency"
"FBSH","Food Balances (-2013, old methodology and population)","854","Burkina Faso","5123","Losses","S2551","Nuts and products","2013","2013","1000 t","5","I","Value imputed by a receiving agency"
"FBSH","Food Balances (-2013, old methodology and population)","854","Burkina Faso","5142","Food","S2551","Nuts and products","1961","1961","1000 t","11","I","Value imputed by a receiving agency"
"FBSH","Food Balances (-2013, old methodology and population)","854","Burkina Faso","5142","Food","S2551","Nuts and products","1980","1980","1000 t","12","I","Value imputed by a receiving agency"
"FBSH","Food Balances (-2013, old methodology and population)","854","Burkina Faso","5142","Food","S2551","Nuts and products","2000","2000","1000 t","18","I","Value imputed by a receiving agency"
"FBSH","Food Balances (-2013, old methodology and population)","854","Burkina Faso","5142","Food","S2551","Nuts and products","2013","2013","1000 t","17","I","Value imputed by a receiving agency"
"FBSH","Food Balances (-2013, old methodology and population)","854","Burkina Faso","645","Food supply quantity (kg/capita/yr)","S2551","Nuts and products","1961","1961","kg/cap","2.33","E","Estimated value"
"FBSH","Food Balances (-2013, old methodology and population)","854","Burkina Faso","645","Food supply quantity (kg/capita/yr)","S2551","Nuts and products","1980","1980","kg/cap","1.81","E","Estimated value"
"FBSH","Food Balances (-2013, old methodology and population)","854","Burkina Faso","645","Food supply quantity (kg/capita/yr)","S2551","Nuts and products","2000","2000","kg/cap","1.53","E","Estimated value"
"FBSH","Food Balances (-2013, old methodology and population)","854","Burkina Faso","645","Food supply quantity (kg/capita/yr)","S2551","Nuts and products","2013","2013","kg/cap","1","E","Estimated value"
"FBSH","Food Balances (-2013, old methodology and population)","854","Burkina Faso","664","Food supply (kcal/capita/day)","S2551","Nuts and products","1961","1961","kcal/cap/d","22.27","E","Estimated value"
"FBSH","Food Balances (-2013, old methodology and population)","854","Burkina Faso","664","Food supply (kcal/capita/day)","S2551","Nuts and products","1980","1980","kcal/cap/d","17.21","E","Estimated value"
"FBSH","Food Balances (-2013, old methodology and population)","854","Burkina Faso","664","Food supply (kcal/capita/day)","S2551","Nuts and products","2000","2000","kcal/cap/d","14.25","E","Estimated value"
"FBSH","Food Balances (-2013, old methodology and population)","854","Burkina Faso","664","Food supply (kcal/capita/day)","S2551","Nuts and products","2013","2013","kcal/cap/d","8.84","E","Estimated value"
"FBSH","Food Balances (-2013, old methodology and population)","854","Burkina Faso","674","Protein supply quantity (g/capita/day)","S2551","Nuts and products","1961","1961","g/cap/d","0.57","E","Estimated value"
"FBSH","Food Balances (-2013, old methodology and population)","854","Burkina Faso","674","Protein supply quantity (g/capita/day)","S2551","Nuts and products","1980","1980","g/cap/d","0.44","E","Estimated value"
"FBSH","Food Balances (-2013, old methodology and population)","854","Burkina Faso","674","Protein supply quantity (g/capita/day)","S2551","Nuts and products","2000","2000","g/cap/d","0.38","E","Estimated value"
"FBSH","Food Balances (-2013, old methodology and population)","854","Burkina Faso","674","Protein supply quantity (g/capita/day)","S2551","Nuts and products","2013","2013","g/cap/d","0.23","E","Estimated value"
"FBSH","Food Balances (-2013, old methodology and population)","854","Burkina Faso","684","Fat supply quantity (g/capita/day)","S2551","Nuts and products","1961","1961","g/cap/d","0.13","E","Estimated value"
"FBSH","Food Balances (-2013, old methodology and population)","854","Burkina Faso","684","Fat supply quantity (g/capita/day)","S2551","Nuts and products","1980","1980","g/cap/d","0.11","E","Estimated value"
"FBSH","Food Balances (-2013, old methodology and population)","854","Burkina Faso","684","Fat supply quantity (g/capita/day)","S2551","Nuts and products","2000","2000","g/cap/d","0.2","E","Estimated value"
"FBSH","Food Balances (-2013, old methodology and population)","854","Burkina Faso","684","Fat supply quantity (g/capita/day)","S2551","Nuts and products","2013","2013","g/cap/d","0.26","E","Estimated value"
"FBSH","Food Balances (-2013, old methodology and population)","392","Japan","5511","Production","S2511","Wheat and products","1961","1961","1000 t","1781","I","Value imputed by a receiving agency"
"FBSH","Food Balances (-2013, old methodology and population)","392","Japan","5511","Production","S2511","Wheat and products","1980","1980","1000 t","583","I","Value imputed by a receiving agency"
"FBSH","Food Balances (-2013, old methodology and population)","392","Japan","5511","Production","S2511","Wheat and products","2000","2000","1000 t","688","I","Value imputed by a receiving agency"
"FBSH","Food Balances (-2013, old methodology and population)","392","Japan","5511","Production","S2511","Wheat and products","2013","2013","1000 t","812","I","Value imputed by a receiving agency"
"FBSH","Food Balances (-2013, old methodology and population)","392","Japan","5611","Import Quantity","S2511","Wheat and products","1961","1961","1000 t","2733","I","Value imputed by a receiving agency"
"FBSH","Food Balances (-2013, old methodology and population)","392","Japan","5611","Import Quantity","S2511","Wheat and products","1980","1980","1000 t","5711","I","Value imputed by a receiving agency"
"FBSH","Food Balances (-2013, old methodology and population)","392","Japan","5611","Import Quantity","S2511","Wheat and products","2000","2000","1000 t","6044","I","Value imputed by a receiving agency"
"FBSH","Food Balances (-2013, old methodology and population)","392","Japan","5611","Import Quantity","S2511","Wheat and products","2013","2013","1000 t","6520","I","Value imputed by a receiving agency"
"FBSH","Food Balances (-2013, old methodology and population)","392","Japan","5074","Stock Variation","S2511","Wheat and products","1961","1961","1000 t","-468","I","Value imputed by a receiving agency"
"FBSH","Food Balances (-2013, old methodology and population)","392","Japan","5074","Stock Variation","S2511","Wheat and products","1980","1980","1000 t","-76","I","Value imputed by a receiving agency"
"FBSH","Food Balances (-2013, old methodology and population)","392","Japan","5074","Stock Variation","S2511","Wheat and products","2000","2000","1000 t","-283","I","Value imputed by a receiving agency"
"FBSH","Food Balances (-2013, old methodology and population)","392","Japan","5074","Stock Variation","S2511","Wheat and products","2013","2013","1000 t","195","I","Value imputed by a receiving agency"
"FBSH","Food Balances (-2013, old methodology and population)","392","Japan","5911","Export quantity","S2511","Wheat and products","1961","1961","1000 t","57","I","Value imputed by a receiving agency"
"FBSH","Food Balances (-2013, old methodology and population)","392","Japan","5911","Export quantity","S2511","Wheat and products","1980","1980","1000 t","142","I","Value imputed by a receiving agency"
"FBSH","Food Balances (-2013, old methodology and population)","392","Japan","5911","Export quantity","S2511","Wheat and products","2000","2000","1000 t","402","I","Value imputed by a receiving agency"
"FBSH","Food Balances (-2013, old methodology and population)","392","Japan","5911","Export quantity","S2511","Wheat and products","2013","2013","1000 t","244","I","Value imputed by a receiving agency"
"FBSH","Food Balances (-2013, old methodology and population)","392","Japan","5301","Domestic supply quantity","S2511","Wheat and products","1961","1961","1000 t","3989","I","Value imputed by a receiving agency"
"FBSH","Food Balances (-2013, old methodology and population)","392","Japan","5301","Domestic supply quantity","S2511","Wheat and products","1980","1980","1000 t","6076","I","Value imputed by a receiving agency"
"FBSH","Food Balances (-2013, old methodology and population)","392","Japan","5301","Domestic supply quantity","S2511","Wheat and products","2000","2000","1000 t","6047","I","Value imputed by a receiving agency"
"FBSH","Food Balances (-2013, old methodology and population)","392","Japan","5301","Domestic supply quantity","S2511","Wheat and products","2013","2013","1000 t","7282","I","Value imputed by a receiving agency"
"FBSH","Food Balances (-2013, old methodology and population)","392","Japan","5521","Feed","S2511","Wheat and products","1961","1961","1000 t","616","I","Value imputed by a receiving agency"
"FBSH","Food Balances (-2013, old methodology and population)","392","Japan","5521","Feed","S2511","Wheat and products","1980","1980","1000 t","647","I","Value imputed by a receiving agency"
"FBSH","Food Balances (-2013, old methodology and population)","392","Japan","5521","Feed","S2511","Wheat and products","2000","2000","1000 t","446","I","Value imputed by a receiving agency"
"FBSH","Food Balances (-2013, old methodology and population)","392","Japan","5521","Feed","S2511","Wheat and products","2013","2013","1000 t","1156","I","Value imputed by a receiving agency"
"FBSH","Food Balances (-2013, old methodology and population)","392","Japan","5527","Seed","S2511","Wheat and products","1961","1961","1000 t","43","I","Value imputed by a receiving agency"
"FBSH","Food Balances (-2013, old methodology and population)","392","Japan","5527","Seed","S2511","Wheat and products","1980","1980","1000 t","28","I","Value imputed by a receiving agency"
"FBSH","Food Balances (-2013, old methodology and population)","392","Japan","5527","Seed","S2511","Wheat and products","2000","2000","1000 t","19","I","Value imputed by a receiving agency"
"FBSH","Food Balances (-2013, old methodology and population)","392","Japan","5527","Seed","S2511","Wheat and products","2013","2013","1000 t","20","I","Value imputed by a receiving agency"
"FBSH","Food Balances (-2013, old methodology and population)","392","Japan","5123","Losses","S2511","Wheat and products","1961","1961","1000 t","99","I","Value imputed by a receiving agency"
"FBSH","Food Balances (-2013, old methodology and population)","392","Japan","5123","Losses","S2511","Wheat and products","1980","1980","1000 t","150","I","Value imputed by a receiving agency"
"FBSH","Food Balances (-2013, old methodology and population)","392","Japan","5123","Losses","S2511","Wheat and products","2000","2000","1000 t","164","I","Value imputed by a receiving agency"
"FBSH","Food Balances (-2013, old methodology and population)","392","Japan","5123","Losses","S2511","Wheat and products","2013","2013","1000 t","165","I","Value imputed by a receiving agency"
"FBSH","Food Balances (-2013, old methodology and population)","392","Japan","5131","Processing","S2511","Wheat and products","1961","1961","1000 t","110","I","Value imputed by a receiving agency"
"FBSH","Food Balances (-2013, old methodology and population)","392","Japan","5131","Processing","S2511","Wheat and products","1980","1980","1000 t","169","I","Value imputed by a receiving agency"
"FBSH","Food Balances (-2013, old methodology and population)","392","Japan","5131","Processing","S2511","Wheat and products","2000","2000","1000 t","175","I","Value imputed by a receiving agency"
"FBSH","Food Balances (-2013, old methodology and population)","392","Japan","5131","Processing","S2511","Wheat and products","2013","2013","1000 t","152","I","Value imputed by a receiving agency"
"FBSH","Food Balances (-2013, old methodology and population)","392","Japan","5154","Other uses (non-food)","S2511","Wheat and products","1961","1961","1000 t","0","I","Value imputed by a receiving agency"
"FBSH","Food Balances (-2013, old methodology and population)","392","Japan","5154","Other uses (non-food)","S2511","Wheat and products","1980","1980","1000 t","0","I","Value imputed by a receiving agency"
"FBSH","Food Balances (-2013, old methodology and population)","392","Japan","5154","Other uses (non-food)","S2511","Wheat and products","2000","2000","1000 t","0","I","Value imputed by a receiving agency"
"FBSH","Food Balances (-2013, old methodology and population)","392","Japan","5154","Other uses (non-food)","S2511","Wheat and products","2013","2013","1000 t","62","I","Value imputed by a receiving agency"
"FBSH","Food Balances (-2013, old methodology and population)","392","Japan","5142","Food","S2511","Wheat and products","1961","1961","1000 t","3121","I","Value imputed by a receiving agency"
"FBSH","Food Balances (-2013, old methodology and population)","392","Japan","5142","Food","S2511","Wheat and products","1980","1980","1000 t","5082","I","Value imputed by a receiving agency"
"FBSH","Food Balances (-2013, old methodology and population)","392","Japan","5142","Food","S2511","Wheat and products","2000","2000","1000 t","5243","I","Value imputed by a receiving agency"
"FBSH","Food Balances (-2013, old methodology and population)","392","Japan","5142","Food","S2511","Wheat and products","2013","2013","1000 t","5727","I","Value imputed by a receiving agency"
"FBSH","Food Balances (-2013, old methodology and population)","392","Japan","645","Food supply quantity (kg/capita/yr)","S2511","Wheat and products","1961","1961","kg/cap","33.43","E","Estimated value"
"FBSH","Food Balances (-2013, old methodology and population)","392","Japan","645","Food supply quantity (kg/capita/yr)","S2511","Wheat and products","1980","1980","kg/cap","43.84","E","Estimated value"
"FBSH","Food Balances (-2013, old methodology and population)","392","Japan","645","Food supply quantity (kg/capita/yr)","S2511","Wheat and products","2000","2000","kg/cap","41.71","E","Estimated value"
"FBSH","Food Balances (-2013, old methodology and population)","392","Japan","645","Food supply quantity (kg/capita/yr)","S2511","Wheat and products","2013","2013","kg/cap","45.04","E","Estimated value"
"FBSH","Food Balances (-2013, old methodology and population)","392","Japan","664","Food supply (kcal/capita/day)","S2511","Wheat and products","1961","1961","kcal/cap/d","244.4","E","Estimated value"
"FBSH","Food Balances (-2013, old methodology and population)","392","Japan","664","Food supply (kcal/capita/day)","S2511","Wheat and products","1980","1980","kcal/cap/d","328.26","E","Estimated value"
"FBSH","Food Balances (-2013, old methodology and population)","392","Japan","664","Food supply (kcal/capita/day)","S2511","Wheat and products","2000","2000","kcal/cap/d","359.43","E","Estimated value"
"FBSH","Food Balances (-2013, old methodology and population)","392","Japan","664","Food supply (kcal/capita/day)","S2511","Wheat and products","2013","2013","kcal/cap/d","386.64","E","Estimated value"
"FBSH","Food Balances (-2013, old methodology and population)","392","Japan","674","Protein supply quantity (g/capita/day)","S2511","Wheat and products","1961","1961","g/cap/d","6.88","E","Estimated value"
"FBSH","Food Balances (-2013, old methodology and population)","392","Japan","674","Protein supply quantity (g/capita/day)","S2511","Wheat and products","1980","1980","g/cap/d","9.2","E","Estimated value"
"FBSH","Food Balances (-2013, old methodology and population)","392","Japan","674","Protein supply quantity (g/capita/day)","S2511","Wheat and products","2000","2000","g/cap/d","9.86","E","Estimated value"
"FBSH","Food Balances (-2013, old methodology and population)","392","Japan","674","Protein supply quantity (g/capita/day)","S2511","Wheat and products","2013","2013","g/cap/d","10.7","E","Estimated value"
"FBSH","Food Balances (-2013, old methodology and population)","392","Japan","684","Fat supply quantity (g/capita/day)","S2511","Wheat and products","1961","1961","g/cap/d","0.95","E","Estimated value"
"FBSH","Food Balances (-2013, old methodology and population)","392","Japan","684","Fat supply quantity (g/capita/day)","S2511","Wheat and products","1980","1980","g/cap/d","1.28","E","Estimated value"
"FBSH","Food Balances (-2013, old methodology and population)","392","Japan","684","Fat supply quantity (g/capita/day)","S2511","Wheat and products","2000","2000","g/cap/d","1.57","E","Estimated value"
"FBSH","Food Balances (-2013, old methodology and population)","392","Japan","684","Fat supply quantity (g/capita/day)","S2511","Wheat and products","2013","2013","g/cap/d","1.69","E","Estimated value"
"FBSH","Food Balances (-2013, old methodology and population)","392","Japan","5511","Production","S2805","Rice (Milled Equivalent)","1961","1961","1000 t","10779","I","Value imputed by a receiving agency"
"FBSH","Food Balances (-2013, old methodology and population)","392","Japan","5511","Production","S2805","Rice (Milled Equivalent)","1980","1980","1000 t","8130","I","Value imputed by a receiving agency"
"FBSH","Food Balances (-2013, old methodology and population)","392","Japan","5511","Production","S2805","Rice (Milled Equivalent)","2000","2000","1000 t","7913","I","Value imputed by a receiving agency"
"FBSH","Food Balances (-2013, old methodology and population)","392","Japan","5511","Production","S2805","Rice (Milled Equivalent)","2013","2013","1000 t","7176","I","Value imputed by a receiving agency"
"FBSH","Food Balances (-2013, old methodology and population)","392","Japan","5611","Import Quantity","S2805","Rice (Milled Equivalent)","1961","1961","1000 t","134","I","Value imputed by a receiving agency"
"FBSH","Food Balances (-2013, old methodology and population)","392","Japan","5611","Import Quantity","S2805","Rice (Milled Equivalent)","1980","1980","1000 t","15","I","Value imputed by a receiving agency"
"FBSH","Food Balances (-2013, old methodology and population)","392","Japan","5611","Import Quantity","S2805","Rice (Milled Equivalent)","2000","2000","1000 t","610","I","Value imputed by a receiving agency"
"FBSH","Food Balances (-2013, old methodology and population)","392","Japan","5611","Import Quantity","S2805","Rice (Milled Equivalent)","2013","2013","1000 t","940","I","Value imputed by a receiving agency"
"FBSH","Food Balances (-2013, old methodology and population)","392","Japan","5074","Stock Variation","S2805","Rice (Milled Equivalent)","1961","1961","1000 t","397","I","Value imputed by a receiving agency"
"FBSH","Food Balances (-2013, old methodology and population)","392","Japan","5074","Stock Variation","S2805","Rice (Milled Equivalent)","1980","1980","1000 t","1810","I","Value imputed by a receiving agency"
"FBSH","Food Balances (-2013, old methodology and population)","392","Japan","5074","Stock Variation","S2805","Rice (Milled Equivalent)","2000","2000","1000 t","-222","I","Value imputed by a receiving agency"
"FBSH","Food Balances (-2013, old methodology and population)","392","Japan","5074","Stock Variation","S2805","Rice (Milled Equivalent)","2013","2013","1000 t","153","I","Value imputed by a receiving agency"
"FBSH","Food Balances (-2013, old methodology and population)","392","Japan","5911","Export quantity","S2805","Rice (Milled Equivalent)","1961","1961","1000 t","0","I","Value imputed by a receiving agency"
"FBSH","Food Balances (-2013, old methodology and population)","392","Japan","5911","Export quantity","S2805","Rice (Milled Equivalent)","1980","1980","1000 t","601","I","Value imputed by a receiving agency"
"FBSH","Food Balances (-2013, old methodology and population)","392","Japan","5911","Export quantity","S2805","Rice (Milled Equivalent)","2000","2000","1000 t","38","I","Value imputed by a receiving agency"
"FBSH","Food Balances (-2013, old methodology and population)","392","Japan","5911","Export quantity","S2805","Rice (Milled Equivalent)","2013","2013","1000 t","58","I","Value imputed by a receiving agency"
"FBSH","Food Balances (-2013, old methodology and population)","392","Japan","5301","Domestic supply quantity","S2805","Rice (Milled Equivalent)","1961","1961","1000 t","11310","I","Value imputed by a receiving agency"
"FBSH","Food Balances (-2013, old methodology and population)","392","Japan","5301","Domestic supply quantity","S2805","Rice (Milled Equivalent)","1980","1980","1000 t","9355","I","Value imputed by a receiving agency"
"FBSH","Food Balances (-2013, old methodology and population)","392","Japan","5301","Domestic supply quantity","S2805","Rice (Milled Equivalent)","2000","2000","1000 t","8262","I","Value imputed by a receiving agency"
"FBSH","Food Balances (-2013, old methodology and population)","392","Japan","5301","Domestic supply quantity","S2805","Rice (Milled Equivalent)","2013","2013","1000 t","8210","I","Value imputed by a receiving agency"
"FBSH","Food Balances (-2013, old methodology and population)","392","Japan","5521","Feed","S2805","Rice (Milled Equivalent)","1961","1961","1000 t","17","I","Value imputed by a receiving agency"
"FBSH","Food Balances (-2013, old methodology and population)","392","Japan","5521","Feed","S2805","Rice (Milled Equivalent)","1980","1980","1000 t","11","I","Value imputed by a receiving agency"
"FBSH","Food Balances (-2013, old methodology and population)","392","Japan","5521","Feed","S2805","Rice (Milled Equivalent)","2000","2000","1000 t","94","I","Value imputed by a receiving agency"
"FBSH","Food Balances (-2013, old methodology and population)","392","Japan","5521","Feed","S2805","Rice (Milled Equivalent)","2013","2013","1000 t","101","I","Value imputed by a receiving agency"
"FBSH","Food Balances (-2013, old methodology and population)","392","Japan","5527","Seed","S2805","Rice (Milled Equivalent)","1961","1961","1000 t","87","I","Value imputed by a receiving agency"
"FBSH","Food Balances (-2013, old methodology and population)","392","Japan","5527","Seed","S2805","Rice (Milled Equivalent)","1980","1980","1000 t","73","I","Value imputed by a receiving agency"
"FBSH","Food Balances (-2013, old methodology and population)","392","Japan","5527","Seed","S2805","Rice (Milled Equivalent)","2000","2000","1000 t","47","I","Value imputed by a receiving agency"
"FBSH","Food Balances (-2013, old methodology and population)","392","Japan","5527","Seed","S2805","Rice (Milled Equivalent)","2013","2013","1000 t","30","I","Value imputed by a receiving agency"
"FBSH","Food Balances (-2013, old methodology and population)","392","Japan","5123","Losses","S2805","Rice (Milled Equivalent)","1961","1961","1000 t","213","I","Value imputed by a receiving agency"
"FBSH","Food Balances (-2013, old methodology and population)","392","Japan","5123","Losses","S2805","Rice (Milled Equivalent)","1980","1980","1000 t","173","I","Value imputed by a receiving agency"
"FBSH","Food Balances (-2013, old methodology and population)","392","Japan","5123","Losses","S2805","Rice (Milled Equivalent)","2000","2000","1000 t","154","I","Value imputed by a receiving agency"
"FBSH","Food Balances (-2013, old methodology and population)","392","Japan","5123","Losses","S2805","Rice (Milled Equivalent)","2013","2013","1000 t","135","I","Value imputed by a receiving agency"
"FBSH","Food Balances (-2013, old methodology and population)","392","Japan","5131","Processing","S2805","Rice (Milled Equivalent)","1961","1961","1000 t","463","I","Value imputed by a receiving agency"
"FBSH","Food Balances (-2013, old methodology and population)","392","Japan","5131","Processing","S2805","Rice (Milled Equivalent)","1980","1980","1000 t","593","I","Value imputed by a receiving agency"
"FBSH","Food Balances (-2013, old methodology and population)","392","Japan","5131","Processing","S2805","Rice (Milled Equivalent)","2000","2000","1000 t","408","I","Value imputed by a receiving agency"
"FBSH","Food Balances (-2013, old methodology and population)","392","Japan","5131","Processing","S2805","Rice (Milled Equivalent)","2013","2013","1000 t","319","I","Value imputed by a receiving agency"
"FBSH","Food Balances (-2013, old methodology and population)","392","Japan","5154","Other uses (non-food)","S2805","Rice (Milled Equivalent)","1961","1961","1000 t","0","I","Value imputed by a receiving agency"
"FBSH","Food Balances (-2013, old methodology and population)","392","Japan","5154","Other uses (non-food)","S2805","Rice (Milled Equivalent)","1980","1980","1000 t","0","I","Value imputed by a receiving agency"
"FBSH","Food Balances (-2013, old methodology and population)","392","Japan","5154","Other uses (non-food)","S2805","Rice (Milled Equivalent)","2000","2000","1000 t","14","I","Value imputed by a receiving agency"
"FBSH","Food Balances (-2013, old methodology and population)","392","Japan","5154","Other uses (non-food)","S2805","Rice (Milled Equivalent)","2013","2013","1000 t","16","I","Value imputed by a receiving agency"
"FBSH","Food Balances (-2013, old methodology and population)","392","Japan","5142","Food","S2805","Rice (Milled Equivalent)","1961","1961","1000 t","10529","I","Value imputed by a receiving agency"
"FBSH","Food Balances (-2013, old methodology and population)","392","Japan","5142","Food","S2805","Rice (Milled Equivalent)","1980","1980","1000 t","8504","I","Value imputed by a receiving agency"
"FBSH","Food Balances (-2013, old methodology and population)","392","Japan","5142","Food","S2805","Rice (Milled Equivalent)","2000","2000","1000 t","7546","I","Value imputed by a receiving agency"
"FBSH","Food Balances (-2013, old methodology and population)","392","Japan","5142","Food","S2805","Rice (Milled Equivalent)","2013","2013","1000 t","7609","I","Value imputed by a receiving agency"
"FBSH","Food Balances (-2013, old methodology and population)","392","Japan","645","Food supply quantity (kg/capita/yr)","S2805","Rice (Milled Equivalent)","1961","1961","kg/cap","112.78","E","Estimated value"
"FBSH","Food Balances (-2013, old methodology and population)","392","Japan","645","Food supply quantity (kg/capita/yr)","S2805","Rice (Milled Equivalent)","1980","1980","kg/cap","73.37","E","Estimated value"
"FBSH","Food Balances (-2013, old methodology and population)","392","Japan","645","Food supply quantity (kg/capita/yr)","S2805","Rice (Milled Equivalent)","2000","2000","kg/cap","60.02","E","Estimated value"
"FBSH","Food Balances (-2013, old methodology and population)","392","Japan","645","Food supply quantity (kg/capita/yr)","S2805","Rice (Milled Equivalent)","2013","2013","kg/cap","59.85","E","Estimated value"
"FBSH","Food Balances (-2013, old methodology and population)","392","Japan","664","Food supply (kcal/capita/day)","S2805","Rice (Milled Equivalent)","1961","1961","kcal/cap/d","1169.84","E","Estimated value"
"FBSH","Food Balances (-2013, old methodology and population)","392","Japan","664","Food supply (kcal/capita/day)","S2805","Rice (Milled Equivalent)","1980","1980","kcal/cap/d","786.32","E","Estimated value"
"FBSH","Food Balances (-2013, old methodology and population)","392","Japan","664","Food supply (kcal/capita/day)","S2805","Rice (Milled Equivalent)","2000","2000","kcal/cap/d","643.29","E","Estimated value"
"FBSH","Food Balances (-2013, old methodology and population)","392","Japan","664","Food supply (kcal/capita/day)","S2805","Rice (Milled Equivalent)","2013","2013","kcal/cap/d","646.09","E","Estimated value"
"FBSH","Food Balances (-2013, old methodology and population)","392","Japan","674","Protein supply quantity (g/capita/day)","S2805","Rice (Milled Equivalent)","1961","1961","g/cap/d","20.8","E","Estimated value"
"FBSH","Food Balances (-2013, old methodology and population)","392","Japan","674","Protein supply quantity (g/capita/day)","S2805","Rice (Milled Equivalent)","1980","1980","g/cap/d","13.98","E","Estimated value"
"FBSH","Food Balances (-2013, old methodology and population)","392","Japan","674","Protein supply quantity (g/capita/day)","S2805","Rice (Milled Equivalent)","2000","2000","g/cap/d","11.44","E","Estimated value"
"FBSH","Food Balances (-2013, old methodology and population)","392","Japan","674","Protein supply quantity (g/capita/day)","S2805","Rice (Milled Equivalent)","2013","2013","g/cap/d","11.52","E","Estimated value"
"FBSH","Food Balances (-2013, old methodology and population)","392","Japan","684","Fat supply quantity (g/capita/day)","S2805","Rice (Milled Equivalent)","1961","1961","g/cap/d","2.6","E","Estimated value"
"FBSH","Food Balances (-2013, old methodology and population)","392","Japan","684","Fat supply quantity (g/capita/day)","S2805","Rice (Milled Equivalent)","1980","1980","g/cap/d","1.75","E","Estimated value"
"FBSH","Food Balances (-2013, old methodology and population)","392","Japan","684","Fat supply quantity (g/capita/day)","S2805","Rice (Milled Equivalent)","2000","2000","g/cap/d","1.43","E","Estimated value"
"FBSH","Food Balances (-2013, old methodology and population)","392","Japan","684","Fat supply quantity (g/capita/day)","S2805","Rice (Milled Equivalent)","2013","2013","g/cap/d","1.43","E","Estimated value"
"FBSH","Food Balances (-2013, old methodology and population)","392","Japan","5511","Production","S2531","Potatoes and products","1961","1961","1000 t","3858","I","Value imputed by a receiving agency"
"FBSH","Food Balances (-2013, old methodology and population)","392","Japan","5511","Production","S2531","Potatoes and products","1980","1980","1000 t","3421","I","Value imputed by a receiving agency"
"FBSH","Food Balances (-2013, old methodology and population)","392","Japan","5511","Production","S2531","Potatoes and products","2000","2000","1000 t","2898","I","Value imputed by a receiving agency"
"FBSH","Food Balances (-2013, old methodology and population)","392","Japan","5511","Production","S2531","Potatoes and products","2013","2013","1000 t","2408","I","Value imputed by a receiving agency"
"FBSH","Food Balances (-2013, old methodology and population)","392","Japan","5611","Import Quantity","S2531","Potatoes and products","1961","1961","1000 t","0","I","Value imputed by a receiving agency"
"FBSH","Food Balances (-2013, old methodology and population)","392","Japan","5611","Import Quantity","S2531","Potatoes and products","1980","1980","1000 t","176","I","Value imputed by a receiving agency"
"FBSH","Food Balances (-2013, old methodology and population)","392","Japan","5611","Import Quantity","S2531","Potatoes and products","2000","2000","1000 t","714","I","Value imputed by a receiving agency"
"FBSH","Food Balances (-2013, old methodology and population)","392","Japan","5611","Import Quantity","S2531","Potatoes and products","2013","2013","1000 t","747","I","Value imputed by a receiving agency"
"FBSH","Food Balances (-2013, old methodology and population)","392","Japan","5074","Stock Variation","S2531","Potatoes and products","1961","1961","1000 t","17","I","Value imputed by a receiving agency"
"FBSH","Food Balances (-2013, old methodology and population)","392","Japan","5074","Stock Variation","S2531","Potatoes and products","1980","1980","1000 t","1","I","Value imputed by a receiving agency"
"FBSH","Food Balances (-2013, old methodology and population)","392","Japan","5074","Stock Variation","S2531","Potatoes and products","2000","2000","1000 t","0","I","Value imputed by a receiving agency"
"FBSH","Food Balances (-2013, old methodology and population)","392","Japan","5074","Stock Variation","S2531","Potatoes and products","2013","2013","1000 t","0","I","Value imputed by a receiving agency"
"FBSH","Food Balances (-2013, old methodology and population)","392","Japan","5911","Export quantity","S2531","Potatoes and products","1961","1961","1000 t","34","I","Value imputed by a receiving agency"
"FBSH","Food Balances (-2013, old methodology and population)","392","Japan","5911","Export quantity","S2531","Potatoes and products","1980","1980","1000 t","1","I","Value imputed by a receiving agency"
"FBSH","Food Balances (-2013, old methodology and population)","392","Japan","5911","Export quantity","S2531","Potatoes and products","2000","2000","1000 t","2","I","Value imputed by a receiving agency"
"FBSH","Food Balances (-2013, old methodology and population)","392","Japan","5911","Export quantity","S2531","Potatoes and products","2013","2013","1000 t","1","I","Value imputed by a receiving agency"
"FBSH","Food Balances (-2013, old methodology and population)","392","Japan","5301","Domestic supply quantity","S2531","Potatoes and products","1961","1961","1000 t","3841","I","Value imputed by a receiving agency"
"FBSH","Food Balances (-2013, old methodology and population)","392","Japan","5301","Domestic supply quantity","S2531","Potatoes and products","1980","1980","1000 t","3597","I","Value imputed by a receiving agency"
"FBSH","Food Balances (-2013, old methodology and population)","392","Japan","5301","Domestic supply quantity","S2531","Potatoes and products","2000","2000","1000 t","3611","I","Value imputed by a receiving agency"
"FBSH","Food Balances (-2013, old methodology and population)","392","Japan","5301","Domestic supply quantity","S2531","Potatoes and products","2013","2013","1000 t","3154","I","Value imputed by a receiving agency"
"FBSH","Food Balances (-2013, old methodology and population)","392","Japan","5521","Feed","S2531","Potatoes and products","1961","1961","1000 t","606","I","Value imputed by a receiving agency"
"FBSH","Food Balances (-2013, old methodology and population)","392","Japan","5521","Feed","S2531","Potatoes and products","1980","1980","1000 t","91","I","Value imputed by a receiving agency"
"FBSH","Food Balances (-2013, old methodology and population)","392","Japan","5521","Feed","S2531","Potatoes and products","2000","2000","1000 t","17","I","Value imputed by a receiving agency"
"FBSH","Food Balances (-2013, old methodology and population)","392","Japan","5521","Feed","S2531","Potatoes and products","2013","2013","1000 t","3","I","Value imputed by a receiving agency"
"FBSH","Food Balances (-2013, old methodology and population)","392","Japan","5527","Seed","S2531","Potatoes and products","1961","1961","1000 t","334","I","Value imputed by a receiving agency"
"FBSH","Food Balances (-2013, old methodology and population)","392","Japan","5527","Seed","S2531","Potatoes and products","1980","1980","1000 t","224","I","Value imputed by a receiving agency"
"FBSH","Food Balances (-2013, old methodology and population)","392","Japan","5527","Seed","S2531","Potatoes and products","2000","2000","1000 t","178","I","Value imputed by a receiving agency"
"FBSH","Food Balances (-2013, old methodology and population)","392","Japan","5527","Seed","S2531","Potatoes and products","2013","2013","1000 t","149","I","Value imputed by a receiving agency"
"FBSH","Food Balances (-2013, old methodology and population)","392","Japan","5123","Losses","S2531","Potatoes and products","1961","1961","1000 t","59","I","Value imputed by a receiving agency"
"FBSH","Food Balances (-2013, old methodology and population)","392","Japan","5123","Losses","S2531","Potatoes and products","1980","1980","1000 t","160","I","Value imputed by a receiving agency"
"FBSH","Food Balances (-2013, old methodology and population)","392","Japan","5123","Losses","S2531","Potatoes and products","2000","2000","1000 t","209","I","Value imputed by a receiving agency"
"FBSH","Food Balances (-2013, old methodology and population)","392","Japan","5123","Losses","S2531","Potatoes and products","2013","2013","1000 t","204","I","Value imputed by a receiving agency"
"FBSH","Food Balances (-2013, old methodology and population)","392","Japan","5131","Processing","S2531","Potatoes and products","1961","1961","1000 t","188","I","Value imputed by a receiving agency"
"FBSH","Food Balances (-2013, old methodology and population)","392","Japan","5131","Processing","S2531","Potatoes and products","1980","1980","1000 t","338","I","Value imputed by a receiving agency"
"FBSH","Food Balances (-2013, old methodology and population)","392","Japan","5131","Processing","S2531","Potatoes and products","2000","2000","1000 t","242","I","Value imputed by a receiving agency"
"FBSH","Food Balances (-2013, old methodology and population)","392","Japan","5131","Processing","S2531","Potatoes and products","2013","2013","1000 t","98","I","Value imputed by a receiving agency"
"FBSH","Food Balances (-2013, old methodology and population)","392","Japan","5154","Other uses (non-food)","S2531","Potatoes and products","1961","1961","1000 t","12","I","Value imputed by a receiving agency"
"FBSH","Food Balances (-2013, old methodology and population)","392","Japan","5154","Other uses (non-food)","S2531","Potatoes and products","1980","1980","1000 t","4","I","Value imputed by a receiving agency"
"FBSH","Food Balances (-2013, old methodology and population)","392","Japan","5154","Other uses (non-food)","S2531","Potatoes and products","2000","2000","1000 t","4","I","Value imputed by a receiving agency"
"FBSH","Food Balances (-2013, old methodology and population)","392","Japan","5154","Other uses (non-food)","S2531","Potatoes and products","2013","2013","1000 t","37","I","Value imputed by a receiving agency"
"FBSH","Food Balances (-2013, old methodology and population)","392","Japan","5142","Food","S2531","Potatoes and products","1961","1961","1000 t","2642","I","Value imputed by a receiving agency"
"FBSH","Food Balances (-2013, old methodology and population)","392","Japan","5142","Food","S2531","Potatoes and products","1980","1980","1000 t","2781","I","Value imputed by a receiving agency"
"FBSH","Food Balances (-2013, old methodology and population)","392","Japan","5142","Food","S2531","Potatoes and products","2000","2000","1000 t","2961","I","Value imputed by a receiving agency"
"FBSH","Food Balances (-2013, old methodology and population)","392","Japan","5142","Food","S2531","Potatoes and products","2013","2013","1000 t","2664","I","Value imputed by a receiving agency"
"FBSH","Food Balances (-2013, old methodology and population)","392","Japan","645","Food supply quantity (kg/capita/yr)","S2531","Potatoes and products","1961","1961","kg/cap","28.3","E","Estimated value"
"FBSH","Food Balances (-2013, old methodology and population)","392","Japan","645","Food supply quantity (kg/capita/yr)","S2531","Potatoes and products","1980","1980","kg/cap","23.99","E","Estimated value"
"FBSH","Food Balances (-2013, old methodology and population)","392","Japan","645","Food supply quantity (kg/capita/yr)","S2531","Potatoes and products","2000","2000","kg/cap","23.55","E","Estimated value"
"FBSH","Food Balances (-2013, old methodology and population)","392","Japan","645","Food supply quantity (kg/capita/yr)","S2531","Potatoes and products","2013","2013","kg/cap","20.95","E","Estimated value"
"FBSH","Food Balances (-2013, old methodology and population)","392","Japan","664","Food supply (kcal/capita/day)","S2531","Potatoes and products","1961","1961","kcal/cap/d","52.5","E","Estimated value"
"FBSH","Food Balances (-2013, old methodology and population)","392","Japan","664","Food supply (kcal/capita/day)","S2531","Potatoes and products","1980","1980","kcal/cap/d","46.43","E","Estimated value"
"FBSH","Food Balances (-2013, old methodology and population)","392","Japan","664","Food supply (kcal/capita/day)","S2531","Potatoes and products","2000","2000","kcal/cap/d","44.8","E","Estimated value"
"FBSH","Food Balances (-2013, old methodology and population)","392","Japan","664","Food supply (kcal/capita/day)","S2531","Potatoes and products","2013","2013","kcal/cap/d","36.75","E","Estimated value"
"FBSH","Food Balances (-2013, old methodology and population)","392","Japan","674","Protein supply quantity (g/capita/day)","S2531","Potatoes and products","1961","1961","g/cap/d","0.85","E","Estimated value"
"FBSH","Food Balances (-2013, old methodology and population)","392","Japan","674","Protein supply quantity (g/capita/day)","S2531","Potatoes and products","1980","1980","g/cap/d","0.7","E","Estimated value"
"FBSH","Food Balances (-2013, old methodology and population)","392","Japan","674","Protein supply quantity (g/capita/day)","S2531","Potatoes and products","2000","2000","g/cap/d","0.68","E","Estimated value"
"FBSH","Food Balances (-2013, old methodology and population)","392","Japan","674","Protein supply quantity (g/capita/day)","S2531","Potatoes and products","2013","2013","g/cap/d","0.59","E","Estimated value"
"FBSH","Food Balances (-2013, old methodology and population)","392","Japan","684","Fat supply quantity (g/capita/day)","S2531","Potatoes and products","1961","1961","g/cap/d","0.06","E","Estimated value"
"FBSH","Food Balances (-2013, old methodology and population)","392","Japan","684","Fat supply quantity (g/capita/day)","S2531","Potatoes and products","1980","1980","g/cap/d","0.05","E","Estimated value"
"FBSH","Food Balances (-2013, old methodology and population)","392","Japan","684","Fat supply quantity (g/capita/day)","S2531","Potatoes and products","2000","2000","g/cap/d","0.05","E","Estimated value"
"FBSH","Food Balances (-2013, old methodology and population)","392","Japan","684","Fat supply quantity (g/capita/day)","S2531","Potatoes and products","2013","2013","g/cap/d","0.04","E","Estimated value"
"FBSH","Food Balances (-2013, old methodology and population)","392","Japan","5511","Production","S2745","Honey","1961","1961","1000 t","6","I","Value imputed by a receiving agency"
"FBSH","Food Balances (-2013, old methodology and population)","392","Japan","5511","Production","S2745","Honey","1980","1980","1000 t","6","I","Value imputed by a receiving agency"
"FBSH","Food Balances (-2013, old methodology and population)","392","Japan","5511","Production","S2745","Honey","2000","2000","1000 t","3","I","Value imputed by a receiving agency"
"FBSH","Food Balances (-2013, old methodology and population)","392","Japan","5511","Production","S2745","Honey","2013","2013","1000 t","3","I","Value imputed by a receiving agency"
"FBSH","Food Balances (-2013, old methodology and population)","392","Japan","5611","Import Quantity","S2745","Honey","1961","1961","1000 t","0","I","Value imputed by a receiving agency"
"FBSH","Food Balances (-2013, old methodology and population)","392","Japan","5611","Import Quantity","S2745","Honey","1980","1980","1000 t","20","I","Value imputed by a receiving agency"
"FBSH","Food Balances (-2013, old methodology and population)","392","Japan","5611","Import Quantity","S2745","Honey","2000","2000","1000 t","40","I","Value imputed by a receiving agency"
"FBSH","Food Balances (-2013, old methodology and population)","392","Japan","5611","Import Quantity","S2745","Honey","2013","2013","1000 t","39","I","Value imputed by a receiving agency"
"FBSH","Food Balances (-2013, old methodology and population)","392","Japan","5911","Export quantity","S2745","Honey","1961","1961","1000 t","0","I","Value imputed by a receiving agency"
"FBSH","Food Balances (-2013, old methodology and population)","392","Japan","5911","Export quantity","S2745","Honey","1980","1980","1000 t","0","I","Value imputed by a receiving agency"
"FBSH","Food Balances (-2013, old methodology and population)","392","Japan","5911","Export quantity","S2745","Honey","2000","2000","1000 t","0","I","Value imputed by a receiving agency"
"FBSH","Food Balances (-2013, old methodology and population)","392","Japan","5911","Export quantity","S2745","Honey","2013","2013","1000 t","0","I","Value imputed by a receiving agency"
"FBSH","Food Balances (-2013, old methodology and population)","392","Japan","5301","Domestic supply quantity","S2745","Honey","1961","1961","1000 t","6","I","Value imputed by a receiving agency"
"FBSH","Food Balances (-2013, old methodology and population)","392","Japan","5301","Domestic supply quantity","S2745","Honey","1980","1980","1000 t","26","I","Value imputed by a receiving agency"
"FBSH","Food Balances (-2013, old methodology and population)","392","Japan","5301","Domestic supply quantity","S2745","Honey","2000","2000","1000 t","43","I","Value imputed by a receiving agency"
"FBSH","Food Balances (-2013, old methodology and population)","392","Japan","5301","Domestic supply quantity","S2745","Honey","2013","2013","1000 t","42","I","Value imputed by a receiving agency"
"FBSH","Food Balances (-2013, old methodology and population)","392","Japan","5142","Food","S2745","Honey","1961","1961","1000 t","6","I","Value imputed by a receiving agency"
"FBSH","Food Balances (-2013, old methodology and population)","392","Japan","5142","Food","S2745","Honey","1980","1980","1000 t","26","I","Value imputed by a receiving agency"
"FBSH","Food Balances (-2013, old methodology and population)","392","Japan","5142","Food","S2745","Honey","2000","2000","1000 t","43","I","Value imputed by a receiving agency"
"FBSH","Food Balances (-2013, old methodology and population)","392","Japan","5142","Food","S2745","Honey","2013","2013","1000 t","42","I","Value imputed by a receiving agency"
"FBSH","Food Balances (-2013, old methodology and population)","392","Japan","645","Food supply quantity (kg/capita/yr)","S2745","Honey","1961","1961","kg/cap","0.06","E","Estimated value"
"FBSH","Food Balances (-2013, old methodology and population)","392","Japan","645","Food supply quantity (kg/capita/yr)","S2745","Honey","1980","1980","kg/cap","0.23","E","Estimated value"
"FBSH","Food Balances (-2013, old methodology and population)","392","Japan","645","Food supply quantity (kg/capita/yr)","S2745","Honey","2000","2000","kg/cap","0.35","E","Estimated value"
"FBSH","Food Balances (-2013, old methodology and population)","392","Japan","645","Food supply quantity (kg/capita/yr)","S2745","Honey","2013","2013","kg/cap","0.33","E","Estimated value"
"FBSH","Food Balances (-2013, old methodology and population)","392","Japan","664","Food supply (kcal/capita/day)","S2745","Honey","1961","1961","kcal/cap/d","0.48","E","Estimated value"
"FBSH","Food Balances (-2013, old methodology and population)","392","Japan","664","Food supply (kcal/capita/day)","S2745","Honey","1980","1980","kcal/cap/d","1.83","E","Estimated value"
"FBSH","Food Balances (-2013, old methodology and population)","392","Japan","664","Food supply (kcal/capita/day)","S2745","Honey","2000","2000","kcal/cap/d","2.79","E","Estimated value"
"FBSH","Food Balances (-2013, old methodology and population)","392","Japan","664","Food supply (kcal/capita/day)","S2745","Honey","2013","2013","kcal/cap/d","2.65","E","Estimated value"
"FBSH","Food Balances (-2013, old methodology and population)","392","Japan","674","Protein supply quantity (g/capita/day)","S2745","Honey","1961","1961","g/cap/d","0","E","Estimated value"
"FBSH","Food Balances (-2013, old methodology and population)","392","Japan","674","Protein supply quantity (g/capita/day)","S2745","Honey","1980","1980","g/cap/d","0","E","Estimated value"
"FBSH","Food Balances (-2013, old methodology and population)","392","Japan","674","Protein supply quantity (g/capita/day)","S2745","Honey","2000","2000","g/cap/d","0","E","Estimated value"
"FBSH","Food Balances (-2013, old methodology and population)","392","Japan","674","Protein supply quantity (g/capita/day)","S2745","Honey","2013","2013","g/cap/d","0","E","Estimated value"
"FBSH","Food Balances (-2013, old methodology and population)","392","Japan","5511","Production","S2546","Beans","1961","1961","1000 t","315","I","Value imputed by a receiving agency"
"FBSH","Food Balances (-2013, old methodology and population)","392","Japan","5511","Production","S2546","Beans","1980","1980","1000 t","89","I","Value imputed by a receiving agency"
"FBSH","Food Balances (-2013, old methodology and population)","392","Japan","5511","Production","S2546","Beans","2000","2000","1000 t","104","I","Value imputed by a receiving agency"
"FBSH","Food Balances (-2013, old methodology and population)","392","Japan","5511","Production","S2546","Beans","2013","2013","1000 t","83","I","Value imputed by a receiving agency"
"FBSH","Food Balances (-2013, old methodology and population)","392","Japan","5611","Import Quantity","S2546","Beans","1961","1961","1000 t","51","I","Value imputed by a receiving agency"
"FBSH","Food Balances (-2013, old methodology and population)","392","Japan","5611","Import Quantity","S2546","Beans","1980","1980","1000 t","148","I","Value imputed by a receiving agency"
"FBSH","Food Balances (-2013, old methodology and population)","392","Japan","5611","Import Quantity","S2546","Beans","2000","2000","1000 t","141","I","Value imputed by a receiving agency"
"FBSH","Food Balances (-2013, old methodology and population)","392","Japan","5611","Import Quantity","S2546","Beans","2013","2013","1000 t","111","I","Value imputed by a receiving agency"
"FBSH","Food Balances (-2013, old methodology and population)","392","Japan","5074","Stock Variation","S2546","Beans","1961","1961","1000 t","2","I","Value imputed by a receiving agency"
"FBSH","Food Balances (-2013, old methodology and population)","392","Japan","5074","Stock Variation","S2546","Beans","1980","1980","1000 t","20","I","Value imputed by a receiving agency"
"FBSH","Food Balances (-2013, old methodology and population)","392","Japan","5074","Stock Variation","S2546","Beans","2000","2000","1000 t","0","I","Value imputed by a receiving agency"
"FBSH","Food Balances (-2013, old methodology and population)","392","Japan","5074","Stock Variation","S2546","Beans","2013","2013","1000 t","-11","I","Value imputed by a receiving agency"
"FBSH","Food Balances (-2013, old methodology and population)","392","Japan","5911","Export quantity","S2546","Beans","1961","1961","1000 t","15","I","Value imputed by a receiving agency"
"FBSH","Food Balances (-2013, old methodology and population)","392","Japan","5911","Export quantity","S2546","Beans","1980","1980","1000 t","0","I","Value imputed by a receiving agency"
"FBSH","Food Balances (-2013, old methodology and population)","392","Japan","5911","Export quantity","S2546","Beans","2000","2000","1000 t","0","I","Value imputed by a receiving agency"
"FBSH","Food Balances (-2013, old methodology and population)","392","Japan","5911","Export quantity","S2546","Beans","2013","2013","1000 t","0","I","Value imputed by a receiving agency"
"FBSH","Food Balances (-2013, old methodology and population)","392","Japan","5301","Domestic supply quantity","S2546","Beans","1961","1961","1000 t","353","I","Value imputed by a receiving agency"
"FBSH","Food Balances (-2013, old methodology and population)","392","Japan","5301","Domestic supply quantity","S2546","Beans","1980","1980","1000 t","257","I","Value imputed by a receiving agency"
"FBSH","Food Balances (-2013, old methodology and population)","392","Japan","5301","Domestic supply quantity","S2546","Beans","2000","2000","1000 t","244","I","Value imputed by a receiving agency"
"FBSH","Food Balances (-2013, old methodology and population)","392","Japan","5301","Domestic supply quantity","S2546","Beans","2013","2013","1000 t","183","I","Value imputed by a receiving agency"
"FBSH","Food Balances (-2013, old methodology and population)","392","Japan","5521","Feed","S2546","Beans","1961","1961","1000 t","8","I","Value imputed by a receiving agency"
"FBSH","Food Balances (-2013, old methodology and population)","392","Japan","5521","Feed","S2546","Beans","1980","1980","1000 t","5","I","Value imputed by a receiving agency"
"FBSH","Food Balances (-2013, old methodology and population)","392","Japan","5521","Feed","S2546","Beans","2000","2000","1000 t","9","I","Value imputed by a receiving agency"
"FBSH","Food Balances (-2013, old methodology and population)","392","Japan","5521","Feed","S2546","Beans","2013","2013","1000 t","2","I","Value imputed by a receiving agency"
"FBSH","Food Balances (-2013, old methodology and population)","392","Japan","5527","Seed","S2546","Beans","1961","1961","1000 t","19","I","Value imputed by a receiving agency"
"FBSH","Food Balances (-2013, old methodology and population)","392","Japan","5527","Seed","S2546","Beans","1980","1980","1000 t","6","I","Value imputed by a receiving agency"
"FBSH","Food Balances (-2013, old methodology and population)","392","Japan","5527","Seed","S2546","Beans","2000","2000","1000 t","3","I","Value imputed by a receiving agency"
"FBSH","Food Balances (-2013, old methodology and population)","392","Japan","5527","Seed","S2546","Beans","2013","2013","1000 t","3","I","Value imputed by a receiving agency"
"FBSH","Food Balances (-2013, old methodology and population)","392","Japan","5123","Losses","S2546","Beans","1961","1961","1000 t","11","I","Value imputed by a receiving agency"
"FBSH","Food Balances (-2013, old methodology and population)","392","Japan","5123","Losses","S2546","Beans","1980","1980","1000 t","13","I","Value imputed by a receiving agency"
"FBSH","Food Balances (-2013, old methodology and population)","392","Japan","5123","Losses","S2546","Beans","2000","2000","1000 t","11","I","Value imputed by a receiving agency"
"FBSH","Food Balances (-2013, old methodology and population)","392","Japan","5123","Losses","S2546","Beans","2013","2013","1000 t","4","I","Value imputed by a receiving agency"
"FBSH","Food Balances (-2013, old methodology and population)","392","Japan","5142","Food","S2546","Beans","1961","1961","1000 t","315","I","Value imputed by a receiving agency"
"FBSH","Food Balances (-2013, old methodology and population)","392","Japan","5142","Food","S2546","Beans","1980","1980","1000 t","233","I","Value imputed by a receiving agency"
"FBSH","Food Balances (-2013, old methodology and population)","392","Japan","5142","Food","S2546","Beans","2000","2000","1000 t","221","I","Value imputed by a receiving agency"
"FBSH","Food Balances (-2013, old methodology and population)","392","Japan","5142","Food","S2546","Beans","2013","2013","1000 t","174","I","Value imputed by a receiving agency"
"FBSH","Food Balances (-2013, old methodology and population)","392","Japan","645","Food supply quantity (kg/capita/yr)","S2546","Beans","1961","1961","kg/cap","3.37","E","Estimated value"
"FBSH","Food Balances (-2013, old methodology and population)","392","Japan","645","Food supply quantity (kg/capita/yr)","S2546","Beans","1980","1980","kg/cap","2.01","E","Estimated value"
"FBSH","Food Balances (-2013, old methodology and population)","392","Japan","645","Food supply quantity (kg/capita/yr)","S2546","Beans","2000","2000","kg/cap","1.76","E","Estimated value"
"FBSH","Food Balances (-2013, old methodology and population)","392","Japan","645","Food supply quantity (kg/capita/yr)","S2546","Beans","2013","2013","kg/cap","1.37","E","Estimated value"
"FBSH","Food Balances (-2013, old methodology and population)","392","Japan","664","Food supply (kcal/capita/day)","S2546","Beans","1961","1961","kcal/cap/d","31.01","E","Estimated value"
"FBSH","Food Balances (-2013, old methodology and population)","392","Japan","664","Food supply (kcal/capita/day)","S2546","Beans","1980","1980","kcal/cap/d","17.49","E","Estimated value"
"FBSH","Food Balances (-2013, old methodology and population)","392","Japan","664","Food supply (kcal/capita/day)","S2546","Beans","2000","2000","kcal/cap/d","15.3","E","Estimated value"
"FBSH","Food Balances (-2013, old methodology and population)","392","Japan","664","Food supply (kcal/capita/day)","S2546","Beans","2013","2013","kcal/cap/d","11.64","E","Estimated value"
"FBSH","Food Balances (-2013, old methodology and population)","392","Japan","674","Protein supply quantity (g/capita/day)","S2546","Beans","1961","1961","g/cap/d","1.87","E","Estimated value"
"FBSH","Food Balances (-2013, old methodology and population)","392","Japan","674","Protein supply quantity (g/capita/day)","S2546","Beans","1980","1980","g/cap/d","1.07","E","Estimated value"
"FBSH","Food Balances (-2013, old methodology and population)","392","Japan","674","Protein supply quantity (g/capita/day)","S2546","Beans","2000","2000","g/cap/d","0.94","E","Estimated value"
"FBSH","Food Balances (-2013, old methodology and population)","392","Japan","674","Protein supply quantity (g/capita/day)","S2546","Beans","2013","2013","g/cap/d","0.72","E","Estimated value"
"FBSH","Food Balances (-2013, old methodology and population)","392","Japan","684","Fat supply quantity (g/capita/day)","S2546","Beans","1961","1961","g/cap/d","0.11","E","Estimated value"
"FBSH","Food Balances (-2013, old methodology and population)","392","Japan","684","Fat supply quantity (g/capita/day)","S2546","Beans","1980","1980","g/cap/d","0.07","E","Estimated value"
"FBSH","Food Balances (-2013, old methodology and population)","392","Japan","684","Fat supply quantity (g/capita/day)","S2546","Beans","2000","2000","g/cap/d","0.06","E","Estimated value"
"FBSH","Food Balances (-2013, old methodology and population)","392","Japan","684","Fat supply quantity (g/capita/day)","S2546","Beans","2013","2013","g/cap/d","0.05","E","Estimated value"
"FBSH","Food Balances (-2013, old methodology and population)","392","Japan","5511","Production","S2551","Nuts and products","1961","1961","1000 t","28","I","Value imputed by a receiving agency"
"FBSH","Food Balances (-2013, old methodology and population)","392","Japan","5511","Production","S2551","Nuts and products","1980","1980","1000 t","47","I","Value imputed by a receiving agency"
"FBSH","Food Balances (-2013, old methodology and population)","392","Japan","5511","Production","S2551","Nuts and products","2000","2000","1000 t","27","I","Value imputed by a receiving agency"
"FBSH","Food Balances (-2013, old methodology and population)","392","Japan","5511","Production","S2551","Nuts and products","2013","2013","1000 t","21","I","Value imputed by a receiving agency"
"FBSH","Food Balances (-2013, old methodology and population)","392","Japan","5611","Import Quantity","S2551","Nuts and products","1961","1961","1000 t","5","I","Value imputed by a receiving agency"
"FBSH","Food Balances (-2013, old methodology and population)","392","Japan","5611","Import Quantity","S2551","Nuts and products","1980","1980","1000 t","62","I","Value imputed by a receiving agency"
"FBSH","Food Balances (-2013, old methodology and population)","392","Japan","5611","Import Quantity","S2551","Nuts and products","2000","2000","1000 t","176","I","Value imputed by a receiving agency"
"FBSH","Food Balances (-2013, old methodology and population)","392","Japan","5611","Import Quantity","S2551","Nuts and products","2013","2013","1000 t","227","I","Value imputed by a receiving agency"
"FBSH","Food Balances (-2013, old methodology and population)","392","Japan","5911","Export quantity","S2551","Nuts and products","1961","1961","1000 t","0","I","Value imputed by a receiving agency"
"FBSH","Food Balances (-2013, old methodology and population)","392","Japan","5911","Export quantity","S2551","Nuts and products","1980","1980","1000 t","0","I","Value imputed by a receiving agency"
"FBSH","Food Balances (-2013, old methodology and population)","392","Japan","5911","Export quantity","S2551","Nuts and products","2000","2000","1000 t","3","I","Value imputed by a receiving agency"
"FBSH","Food Balances (-2013, old methodology and population)","392","Japan","5911","Export quantity","S2551","Nuts and products","2013","2013","1000 t","6","I","Value imputed by a receiving agency"
"FBSH","Food Balances (-2013, old methodology and population)","392","Japan","5301","Domestic supply quantity","S2551","Nuts and products","1961","1961","1000 t","33","I","Value imputed by a receiving agency"
"FBSH","Food Balances (-2013, old methodology and population)","392","Japan","5301","Domestic supply quantity","S2551","Nuts and products","1980","1980","1000 t","108","I","Value imputed by a receiving agency"
"FBSH","Food Balances (-2013, old methodology and population)","392","Japan","5301","Domestic supply quantity","S2551","Nuts and products","2000","2000","1000 t","200","I","Value imputed by a receiving agency"
"FBSH","Food Balances (-2013, old methodology and population)","392","Japan","5301","Domestic supply quantity","S2551","Nuts and products","2013","2013","1000 t","242","I","Value imputed by a receiving agency"
"FBSH","Food Balances (-2013, old methodology and population)","392","Japan","5123","Losses","S2551","Nuts and products","1961","1961","1000 t","3","I","Value imputed by a receiving agency"
"FBSH","Food Balances (-2013, old methodology and population)","392","Japan","5123","Losses","S2551","Nuts and products","1980","1980","1000 t","7","I","Value imputed by a receiving agency"
"FBSH","Food Balances (-2013, old methodology and population)","392","Japan","5123","Losses","S2551","Nuts and products","2000","2000","1000 t","6","I","Value imputed by a receiving agency"
"FBSH","Food Balances (-2013, old methodology and population)","392","Japan","5123","Losses","S2551","Nuts and products","2013","2013","1000 t","3","I","Value imputed by a receiving agency"
"FBSH","Food Balances (-2013, old methodology and population)","392","Japan","5142","Food","S2551","Nuts and products","1961","1961","1000 t","30","I","Value imputed by a receiving agency"
"FBSH","Food Balances (-2013, old methodology and population)","392","Japan","5142","Food","S2551","Nuts and products","1980","1980","1000 t","101","I","Value imputed by a receiving agency"
"FBSH","Food Balances (-2013, old methodology and population)","392","Japan","5142","Food","S2551","Nuts and products","2000","2000","1000 t","194","I","Value imputed by a receiving agency"
"FBSH","Food Balances (-2013, old methodology and population)","392","Japan","5142","Food","S2551","Nuts and products","2013","2013","1000 t","239","I","Value imputed by a receiving agency"
"FBSH","Food Balances (-2013, old methodology and population)","392","Japan","645","Food supply quantity (kg/capita/yr)","S2551","Nuts and products","1961","1961","kg/cap","0.32","E","Estimated value"
"FBSH","Food Balances (-2013, old methodology and population)","392","Japan","645","Food supply quantity (kg/capita/yr)","S2551","Nuts and products","1980","1980","kg/cap","0.87","E","Estimated value"
"FBSH","Food Balances (-2013, old methodology and population)","392","Japan","645","Food supply quantity (kg/capita/yr)","S2551","Nuts and products","2000","2000","kg/cap","1.54","E","Estimated value"
"FBSH","Food Balances (-2013, old methodology and population)","392","Japan","645","Food supply quantity (kg/capita/yr)","S2551","Nuts and products","2013","2013","kg/cap","1.88","E","Estimated value"
"FBSH","Food Balances (-2013, old methodology and population)","392","Japan","664","Food supply (kcal/capita/day)","S2551","Nuts and products","1961","1961","kcal/cap/d","1.47","E","Estimated value"
"FBSH","Food Balances (-2013, old methodology and population)","392","Japan","664","Food supply (kcal/capita/day)","S2551","Nuts and products","1980","1980","kcal/cap/d","4.6","E","Estimated value"
"FBSH","Food Balances (-2013, old methodology and population)","392","Japan","664","Food supply (kcal/capita/day)","S2551","Nuts and products","2000","2000","kcal/cap/d","9.58","E","Estimated value"
"FBSH","Food Balances (-2013, old methodology and population)","392","Japan","664","Food supply (kcal/capita/day)","S2551","Nuts and products","2013","2013","kcal/cap/d","12.47","E","Estimated value"
"FBSH","Food Balances (-2013, old methodology and population)","392","Japan","674","Protein supply quantity (g/capita/day)","S2551","Nuts and products","1961","1961","g/cap/d","0.03","E","Estimated value"
"FBSH","Food Balances (-2013, old methodology and population)","392","Japan","674","Protein supply quantity (g/capita/day)","S2551","Nuts and products","1980","1980","g/cap/d","0.11","E","Estimated value"
"FBSH","Food Balances (-2013, old methodology and population)","392","Japan","674","Protein supply quantity (g/capita/day)","S2551","Nuts and products","2000","2000","g/cap/d","0.25","E","Estimated value"
"FBSH","Food Balances (-2013, old methodology and population)","392","Japan","674","Protein supply quantity (g/capita/day)","S2551","Nuts and products","2013","2013","g/cap/d","0.34","E","Estimated value"
"FBSH","Food Balances (-2013, old methodology and population)","392","Japan","684","Fat supply quantity (g/capita/day)","S2551","Nuts and products","1961","1961","g/cap/d","0.02","E","Estimated value"
"FBSH","Food Balances (-2013, old methodology and population)","392","Japan","684","Fat supply quantity (g/capita/day)","S2551","Nuts and products","1980","1980","g/cap/d","0.21","E","Estimated value"
"FBSH","Food Balances (-2013, old methodology and population)","392","Japan","684","Fat supply quantity (g/capita/day)","S2551","Nuts and products","2000","2000","g/cap/d","0.7","E","Estimated value"
"FBSH","Food Balances (-2013, old methodology and population)","392","Japan","684","Fat supply quantity (g/capita/day)","S2551","Nuts and products","2013","2013","g/cap/d","1.05","E","Estimated value"
